sentence_id,target_language,target_short,domain,system,composite_mean,gpt_4o,gemini_2_5_flash,claude_sonnet_4_6,source,translation
rest-01,Simplified Chinese,zh-CN,restaurant,LiveLingo,4.5,4,5,,"Could I get the steak medium rare, with a side salad instead of fries?",我可以把牛排要七分熟，配一份沙拉而不是薯条吗？
rest-01,Simplified Chinese,zh-CN,restaurant,Whisper + GPT-4o-mini,5.0,5,5,,"Could I get the steak medium rare, with a side salad instead of fries?",我可以要一份五分熟的牛排，配一份沙拉而不是薯条吗？
rest-01,Simplified Chinese,zh-CN,restaurant,Azure Speech Translation,5.0,5,5,,"Could I get the steak medium rare, with a side salad instead of fries?",我能点牛排五分熟，配一份沙拉代替薯条吗？
rest-01,Simplified Chinese,zh-CN,restaurant,Google Cloud Translation v3,5.0,5,5,,"Could I get the steak medium rare, with a side salad instead of fries?",牛排可以五分熟吗？配菜沙拉可以代替薯条吗？
rest-01,Japanese,ja,restaurant,LiveLingo,5.0,5,5,,"Could I get the steak medium rare, with a side salad instead of fries?",ステーキはミディアムレアで、フライドポテトの代わりにサイドサラダをお願いします。
rest-01,Japanese,ja,restaurant,Whisper + GPT-4o-mini,5.0,5,5,,"Could I get the steak medium rare, with a side salad instead of fries?",ステーキをミディアムレアで、フライの代わりにサイドサラダをお願いできますか？
rest-01,Japanese,ja,restaurant,Azure Speech Translation,5.0,5,5,,"Could I get the steak medium rare, with a side salad instead of fries?",ステーキはミディアムレアで、フライドポテトの代わりにサイドサラダを添えてもらえますか?
rest-01,Japanese,ja,restaurant,Google Cloud Translation v3,5.0,5,5,,"Could I get the steak medium rare, with a side salad instead of fries?",ステーキをミディアムレアで、付け合わせのサラダをフライドポテトの代わりにいただけますか？
rest-01,German,de,restaurant,LiveLingo,5.0,5,5,,"Could I get the steak medium rare, with a side salad instead of fries?",Könnte ich das Steak medium rare mit einem Beilagensalat statt Pommes bekommen?
rest-01,German,de,restaurant,Whisper + GPT-4o-mini,5.0,5,5,,"Could I get the steak medium rare, with a side salad instead of fries?",Könnte ich das Steak medium rare mit einem Beilagensalat anstelle von Pommes bekommen?
rest-01,German,de,restaurant,Azure Speech Translation,5.0,5,5,,"Could I get the steak medium rare, with a side salad instead of fries?",Könnte ich das Steak medium rare mit einem Beilagensalat statt Pommes bekommen?
rest-01,German,de,restaurant,Google Cloud Translation v3,5.0,5,5,,"Could I get the steak medium rare, with a side salad instead of fries?",Könnte ich das Steak medium rare mit einem Beilagensalat anstelle von Pommes bekommen?
rest-02,Simplified Chinese,zh-CN,restaurant,LiveLingo,5.0,5,5,,We're celebrating an anniversary. Do you have any wine pairings you'd recommend?,我们在庆祝纪念日，您有什么推荐的葡萄酒搭配吗？
rest-02,Simplified Chinese,zh-CN,restaurant,Whisper + GPT-4o-mini,5.0,5,5,,We're celebrating an anniversary. Do you have any wine pairings you'd recommend?,我们正在庆祝周年纪念。你有什么推荐的葡萄酒搭配吗？
rest-02,Simplified Chinese,zh-CN,restaurant,Azure Speech Translation,5.0,5,5,,We're celebrating an anniversary. Do you have any wine pairings you'd recommend?,我们在庆祝周年纪念。你有什么葡萄酒搭配推荐吗？
rest-02,Simplified Chinese,zh-CN,restaurant,Google Cloud Translation v3,4.5,5,4,,We're celebrating an anniversary. Do you have any wine pairings you'd recommend?,我们在周年纪念日庆祝。 您有什么葡萄酒搭配推荐吗？
rest-02,Japanese,ja,restaurant,LiveLingo,5.0,5,5,,We're celebrating an anniversary. Do you have any wine pairings you'd recommend?,記念日を祝うんですが、おすすめのワインのペアリングはありますか？
rest-02,Japanese,ja,restaurant,Whisper + GPT-4o-mini,5.0,5,5,,We're celebrating an anniversary. Do you have any wine pairings you'd recommend?,記念日を祝っています。おすすめのワインのペアリングはありますか？
rest-02,Japanese,ja,restaurant,Azure Speech Translation,5.0,5,5,,We're celebrating an anniversary. Do you have any wine pairings you'd recommend?,記念日を祝っているんだ。おすすめのワインペアリングはありますか?
rest-02,Japanese,ja,restaurant,Google Cloud Translation v3,5.0,5,5,,We're celebrating an anniversary. Do you have any wine pairings you'd recommend?,私たちは記念日を祝います おすすめのワインのペアリングはありますか？
rest-02,German,de,restaurant,LiveLingo,4.0,4,4,,We're celebrating an anniversary. Do you have any wine pairings you'd recommend?,"Wir feiern ein Jubiläum. Haben Sie Weinempfehlungen, die Sie empfehlen würden?"
rest-02,German,de,restaurant,Whisper + GPT-4o-mini,4.0,4,4,,We're celebrating an anniversary. Do you have any wine pairings you'd recommend?,"Wir feiern ein Jubiläum. Haben Sie Weinempfehlungen, die Sie empfehlen würden?"
rest-02,German,de,restaurant,Azure Speech Translation,5.0,5,5,,We're celebrating an anniversary. Do you have any wine pairings you'd recommend?,"Wir feiern ein Jubiläum. Hast du Weinkombinationen, die du empfehlen würdest?"
rest-02,German,de,restaurant,Google Cloud Translation v3,4.0,4,4,,We're celebrating an anniversary. Do you have any wine pairings you'd recommend?,Wir feiern ein Jubiläum Haben Sie Weinempfehlungen für die passende Weinbegleitung?
rest-03,Simplified Chinese,zh-CN,restaurant,LiveLingo,4.0,5,3,,I'm allergic to shellfish. Can you check if there's anything in the sauce?,我对贝类过敏。你能检查一下酱汁里有没有任何东西吗？
rest-03,Simplified Chinese,zh-CN,restaurant,Whisper + GPT-4o-mini,5.0,5,5,,I'm allergic to shellfish. Can you check if there's anything in the sauce?,我对贝类过敏。你能检查一下酱汁里有没有什么吗？
rest-03,Simplified Chinese,zh-CN,restaurant,Azure Speech Translation,5.0,5,5,,I'm allergic to shellfish. Can you check if there's anything in the sauce?,我对贝类过敏。你能检查一下酱里有没有什么东西吗？
rest-03,Simplified Chinese,zh-CN,restaurant,Google Cloud Translation v3,5.0,5,5,,I'm allergic to shellfish. Can you check if there's anything in the sauce?,我对贝类过敏，你能帮我查一下酱汁里有没有贝类吗？
rest-03,Japanese,ja,restaurant,LiveLingo,5.0,5,5,,I'm allergic to shellfish. Can you check if there's anything in the sauce?,私は甲殻類にアレルギーがあります。ソースに何か入っていないか確認してもらえますか？
rest-03,Japanese,ja,restaurant,Whisper + GPT-4o-mini,5.0,5,5,,I'm allergic to shellfish. Can you check if there's anything in the sauce?,私は甲殻類アレルギーです。ソースに何か入っているか確認してもらえますか？
rest-03,Japanese,ja,restaurant,Azure Speech Translation,5.0,5,5,,I'm allergic to shellfish. Can you check if there's anything in the sauce?,甲殻類アレルギーがあります。ソースに何か入ってないか確認してくれる?
rest-03,Japanese,ja,restaurant,Google Cloud Translation v3,5.0,5,5,,I'm allergic to shellfish. Can you check if there's anything in the sauce?,私は甲殻類アレルギーなのですが、ソースに何か入っていないか確認してもらえますか？
rest-03,German,de,restaurant,LiveLingo,5.0,5,5,,I'm allergic to shellfish. Can you check if there's anything in the sauce?,"Ich bin allergisch gegen Schalentiere. Können Sie bitte prüfen, ob etwas in der Soße ist?"
rest-03,German,de,restaurant,Whisper + GPT-4o-mini,5.0,5,5,,I'm allergic to shellfish. Can you check if there's anything in the sauce?,"Ich bin allergisch gegen Schalentiere. Können Sie überprüfen, ob etwas in der Sauce ist?"
rest-03,German,de,restaurant,Azure Speech Translation,4.0,4,4,,I'm allergic to shellfish. Can you check if there's anything in the sauce?,"Ich bin allergisch gegen Schalentieren. Kannst du prüfen, ob etwas in der Soße ist?"
rest-03,German,de,restaurant,Google Cloud Translation v3,5.0,5,5,,I'm allergic to shellfish. Can you check if there's anything in the sauce?,"Ich bin gegen Schalentiere allergisch. Könnten Sie bitte überprüfen, ob etwas in der Soße enthalten ist?"
rest-04,Simplified Chinese,zh-CN,restaurant,LiveLingo,5.0,5,5,,Can we split the bill three ways? Two of us are paying with cards and one with cash.,我们可以把账单分成三份吗？我们两个人用卡付款，一个人用现金。
rest-04,Simplified Chinese,zh-CN,restaurant,Whisper + GPT-4o-mini,3.5,4,3,,Can we split the bill three ways? Two of us are paying with cards and one with cash.,我们可以把账单分成三份吗？我们两个人用卡支付，一个人用现金。 我们。
rest-04,Simplified Chinese,zh-CN,restaurant,Azure Speech Translation,5.0,5,5,,Can we split the bill three ways? Two of us are paying with cards and one with cash.,我们能不能三方分账？ 我们两个人用信用卡付款，一个用现金付款。
rest-04,Simplified Chinese,zh-CN,restaurant,Google Cloud Translation v3,5.0,5,5,,Can we split the bill three ways? Two of us are paying with cards and one with cash.,我们可以三人平分账单吗？ 我们当中两人用银行卡支付，一人用现金支付。
rest-04,Japanese,ja,restaurant,LiveLingo,5.0,5,5,,Can we split the bill three ways? Two of us are paying with cards and one with cash.,お会計を3等分にできますか？2人はカードで、1人は現金で支払います。
rest-04,Japanese,ja,restaurant,Whisper + GPT-4o-mini,3.5,4,3,,Can we split the bill three ways? Two of us are paying with cards and one with cash.,3人で割り勘にできますか？2人はカードで、1人は現金で支払います。 私たち。
rest-04,Japanese,ja,restaurant,Azure Speech Translation,5.0,5,5,,Can we split the bill three ways? Two of us are paying with cards and one with cash.,3人で割り勘できますか? 2人はカードで、もう1人は現金で支払っています。
rest-04,Japanese,ja,restaurant,Google Cloud Translation v3,5.0,5,5,,Can we split the bill three ways? Two of us are paying with cards and one with cash.,3人で割り勘できますか？ 私たち2人はカードで支払い、1人は現金で支払います。
rest-04,German,de,restaurant,LiveLingo,5.0,5,5,,Can we split the bill three ways? Two of us are paying with cards and one with cash.,Können wir die Rechnung zu dritt aufteilen? Zwei von uns zahlen mit Karten und einer mit Bargeld.
rest-04,German,de,restaurant,Whisper + GPT-4o-mini,3.5,4,3,,Can we split the bill three ways? Two of us are paying with cards and one with cash.,Können wir die Rechnung auf drei aufteilen? Zwei von uns zahlen mit Karten und einer mit Bargeld. uns.
rest-04,German,de,restaurant,Azure Speech Translation,5.0,5,5,,Can we split the bill three ways? Two of us are paying with cards and one with cash.,Können wir die Rechnung zu dritt aufteilen? Zwei von uns zahlen mit Karten und einer mit Bargeld.
rest-04,German,de,restaurant,Google Cloud Translation v3,5.0,5,5,,Can we split the bill three ways? Two of us are paying with cards and one with cash.,Können wir die Rechnung zu dritt aufteilen? Zwei von uns bezahlen mit Karte und einer mit Bargeld.
rest-05,Simplified Chinese,zh-CN,restaurant,LiveLingo,5.0,5,5,,What's in the seasonal special? Is it spicy?,季节特餐里有什么？辣吗？
rest-05,Simplified Chinese,zh-CN,restaurant,Whisper + GPT-4o-mini,5.0,5,5,,What's in the seasonal special? Is it spicy?,季节特供有什么？是辣的吗？
rest-05,Simplified Chinese,zh-CN,restaurant,Azure Speech Translation,2.0,2,2,,What's in the seasonal special? Is it spicy?,季节性特别节目里有什么？辣吗？
rest-05,Simplified Chinese,zh-CN,restaurant,Google Cloud Translation v3,5.0,5,5,,What's in the seasonal special? Is it spicy?,季节特供里有什么？辣吗？
rest-05,Japanese,ja,restaurant,LiveLingo,5.0,5,5,,What's in the seasonal special? Is it spicy?,季節のスペシャルには何が入っていますか？ 辛いですか？
rest-05,Japanese,ja,restaurant,Whisper + GPT-4o-mini,5.0,5,5,,What's in the seasonal special? Is it spicy?,季節限定メニューには何が入っていますか？辛いですか？
rest-05,Japanese,ja,restaurant,Azure Speech Translation,3.0,4,2,,What's in the seasonal special? Is it spicy?,季節限定の特別番組には何が入っていますか?辛い?
rest-05,Japanese,ja,restaurant,Google Cloud Translation v3,5.0,5,5,,What's in the seasonal special? Is it spicy?,季節限定メニューの中身は？辛い？
rest-05,German,de,restaurant,LiveLingo,5.0,5,5,,What's in the seasonal special? Is it spicy?,Was ist im saisonalen Sonderangebot? Ist es scharf?
rest-05,German,de,restaurant,Whisper + GPT-4o-mini,5.0,5,5,,What's in the seasonal special? Is it spicy?,Was ist im saisonalen Spezial? Ist es scharf?
rest-05,German,de,restaurant,Azure Speech Translation,4.0,4,4,,What's in the seasonal special? Is it spicy?,Was ist im saisonalen Spezialität? Ist es scharf?
rest-05,German,de,restaurant,Google Cloud Translation v3,5.0,5,5,,What's in the seasonal special? Is it spicy?,Was ist in der saisonalen Spezialität enthalten? Ist sie scharf?
rest-06,Simplified Chinese,zh-CN,restaurant,LiveLingo,5.0,5,5,,Could we get the check whenever you have a moment?,您有空的时候能把账单给我们吗？
rest-06,Simplified Chinese,zh-CN,restaurant,Whisper + GPT-4o-mini,5.0,5,5,,Could we get the check whenever you have a moment?,您有空的时候能给我们结账吗？
rest-06,Simplified Chinese,zh-CN,restaurant,Azure Speech Translation,5.0,5,5,,Could we get the check whenever you have a moment?,您有空的时候能结账吗？
rest-06,Simplified Chinese,zh-CN,restaurant,Google Cloud Translation v3,3.5,2,5,,Could we get the check whenever you have a moment?,您什么时候有空把支票给我们？
rest-06,Japanese,ja,restaurant,LiveLingo,5.0,5,5,,Could we get the check whenever you have a moment?,お時間があるときにお会計をお願いします。
rest-06,Japanese,ja,restaurant,Whisper + GPT-4o-mini,5.0,5,5,,Could we get the check whenever you have a moment?,お時間があるときにお会計をお願いできますか？
rest-06,Japanese,ja,restaurant,Azure Speech Translation,3.0,2,4,,Could we get the check whenever you have a moment?,お時間があるときにお支払いいただけますか?
rest-06,Japanese,ja,restaurant,Google Cloud Translation v3,5.0,5,5,,Could we get the check whenever you have a moment?,お時間のある時にいつでもお会計をお願いできますか？
rest-06,German,de,restaurant,LiveLingo,5.0,5,5,,Could we get the check whenever you have a moment?,"Könnten wir die Rechnung erhalten, sobald Sie einen Moment Zeit haben?"
rest-06,German,de,restaurant,Whisper + GPT-4o-mini,5.0,5,5,,Could we get the check whenever you have a moment?,"Könnten wir die Rechnung bekommen, wann immer Sie einen Moment Zeit haben?"
rest-06,German,de,restaurant,Azure Speech Translation,4.5,5,4,,Could we get the check whenever you have a moment?,"Könnten wir die Rechnung bekommen, wann immer du Zeit hast?"
rest-06,German,de,restaurant,Google Cloud Translation v3,5.0,5,5,,Could we get the check whenever you have a moment?,"Könnten wir den Scheck bekommen, sobald Sie einen Moment Zeit haben?"
hotel-01,Simplified Chinese,zh-CN,hotel,LiveLingo,5.0,5,5,,I'd like to extend my stay by two nights. Is that possible?,我想把住宿延长两晚。可以吗？
hotel-01,Simplified Chinese,zh-CN,hotel,Whisper + GPT-4o-mini,5.0,5,5,,I'd like to extend my stay by two nights. Is that possible?,我想延长我的住宿两晚。可以吗？
hotel-01,Simplified Chinese,zh-CN,hotel,Azure Speech Translation,5.0,5,5,,I'd like to extend my stay by two nights. Is that possible?,我想延长住宿两晚。这可能吗？
hotel-01,Simplified Chinese,zh-CN,hotel,Google Cloud Translation v3,5.0,5,5,,I'd like to extend my stay by two nights. Is that possible?,我想续住两晚。 有可能吗？
hotel-01,Japanese,ja,hotel,LiveLingo,5.0,5,5,,I'd like to extend my stay by two nights. Is that possible?,宿泊をあと2泊延長したいのですが、可能でしょうか？
hotel-01,Japanese,ja,hotel,Whisper + GPT-4o-mini,5.0,5,5,,I'd like to extend my stay by two nights. Is that possible?,滞在を2泊延長したいのですが、それは可能ですか？
hotel-01,Japanese,ja,hotel,Azure Speech Translation,5.0,5,5,,I'd like to extend my stay by two nights. Is that possible?,滞在を2泊延長したいのですが。それは可能でしょうか?
hotel-01,Japanese,ja,hotel,Google Cloud Translation v3,5.0,5,5,,I'd like to extend my stay by two nights. Is that possible?,滞在を2泊延長したいのですが。 それは可能ですか？
hotel-01,German,de,hotel,LiveLingo,5.0,5,5,,I'd like to extend my stay by two nights. Is that possible?,Ich möchte meinen Aufenthalt um 2 Nächte verlängern. Ist das möglich?
hotel-01,German,de,hotel,Whisper + GPT-4o-mini,5.0,5,5,,I'd like to extend my stay by two nights. Is that possible?,Ich würde gerne meinen Aufenthalt um zwei Nächte verlängern. Ist das möglich?
hotel-01,German,de,hotel,Azure Speech Translation,5.0,5,5,,I'd like to extend my stay by two nights. Is that possible?,Ich möchte meinen Aufenthalt um zwei Nächte verlängern. Ist das möglich?
hotel-01,German,de,hotel,Google Cloud Translation v3,5.0,5,5,,I'd like to extend my stay by two nights. Is that possible?,Ich möchte meinen Aufenthalt um zwei Nächte verlängern. Ist das möglich?
hotel-02,Simplified Chinese,zh-CN,hotel,LiveLingo,5.0,5,5,,The room is too cold and the wifi isn't working. Could someone come up?,房间太冷，Wi‑Fi也不工作。能有人上来吗？
hotel-02,Simplified Chinese,zh-CN,hotel,Whisper + GPT-4o-mini,2.5,2,3,,The room is too cold and the wifi isn't working. Could someone come up?,房间太冷了，Wi-Fi也不工作。能有人上来吗？ 向上。
hotel-02,Simplified Chinese,zh-CN,hotel,Azure Speech Translation,5.0,5,5,,The room is too cold and the wifi isn't working. Could someone come up?,房间太冷了，Wi-Fi也坏了。 有人能上来吗？
hotel-02,Simplified Chinese,zh-CN,hotel,Google Cloud Translation v3,5.0,5,5,,The room is too cold and the wifi isn't working. Could someone come up?,房间太冷了，而且Wi-Fi也连不上。 有人能上来吗？
hotel-02,Japanese,ja,hotel,LiveLingo,5.0,5,5,,The room is too cold and the wifi isn't working. Could someone come up?,部屋が寒すぎて、Wi‑Fiが繋がりません。誰か上に来てくれませんか？
hotel-02,Japanese,ja,hotel,Whisper + GPT-4o-mini,2.5,2,3,,The room is too cold and the wifi isn't working. Could someone come up?,部屋が寒すぎて、Wi-Fiが動いていません。誰か来てくれませんか？ 上。
hotel-02,Japanese,ja,hotel,Azure Speech Translation,5.0,5,5,,The room is too cold and the wifi isn't working. Could someone come up?,部屋は寒すぎてWi-Fiも使えない。 誰か上に来てくれませんか?
hotel-02,Japanese,ja,hotel,Google Cloud Translation v3,5.0,5,5,,The room is too cold and the wifi isn't working. Could someone come up?,部屋が寒すぎるし、Wi-Fiも使えない。 誰か来てくれないか
hotel-02,German,de,hotel,LiveLingo,5.0,5,5,,The room is too cold and the wifi isn't working. Could someone come up?,"Das Zimmer ist zu kalt, und das WLAN funktioniert nicht. Könnte jemand heraufkommen?"
hotel-02,German,de,hotel,Whisper + GPT-4o-mini,3.5,4,3,,The room is too cold and the wifi isn't working. Could someone come up?,Der Raum ist zu kalt und das WLAN funktioniert nicht. Könnte jemand hochkommen? hoch.
hotel-02,German,de,hotel,Azure Speech Translation,5.0,5,5,,The room is too cold and the wifi isn't working. Could someone come up?,Das Zimmer ist zu kalt und das WLAN funktioniert nicht. Könnte jemand hochkommen?
hotel-02,German,de,hotel,Google Cloud Translation v3,4.0,5,3,,The room is too cold and the wifi isn't working. Could someone come up?,Das Zimmer ist zu kalt und das WLAN funktioniert nicht. Könnte jemand vorbeikommen?
hotel-03,Simplified Chinese,zh-CN,hotel,LiveLingo,5.0,5,5,,Can we get an early check-in tomorrow? Our flight lands at nine in the morning.,我们明天可以提前入住吗？我们的航班上午9点抵达。
hotel-03,Simplified Chinese,zh-CN,hotel,Whisper + GPT-4o-mini,5.0,5,5,,Can we get an early check-in tomorrow? Our flight lands at nine in the morning.,我们明天可以提前入住吗？我们的航班早上9点到达。
hotel-03,Simplified Chinese,zh-CN,hotel,Azure Speech Translation,5.0,5,5,,Can we get an early check-in tomorrow? Our flight lands at nine in the morning.,我们明天能提前报到吗？我们的航班是早上9点降落。
hotel-03,Simplified Chinese,zh-CN,hotel,Google Cloud Translation v3,2.0,2,2,,Can we get an early check-in tomorrow? Our flight lands at nine in the morning.,我们明天可以提前办理登机手续吗？我们的航班早上9点到达。
hotel-03,Japanese,ja,hotel,LiveLingo,5.0,5,5,,Can we get an early check-in tomorrow? Our flight lands at nine in the morning.,明日、早めのチェックインは可能ですか？フライトは朝9時に到着します。
hotel-03,Japanese,ja,hotel,Whisper + GPT-4o-mini,5.0,5,5,,Can we get an early check-in tomorrow? Our flight lands at nine in the morning.,明日、早めのチェックインはできますか？私たちのフライトは朝の9時に到着します。
hotel-03,Japanese,ja,hotel,Azure Speech Translation,5.0,5,5,,Can we get an early check-in tomorrow? Our flight lands at nine in the morning.,明日早くチェックインできますか?私たちのフライトは朝9時に着陸します。
hotel-03,Japanese,ja,hotel,Google Cloud Translation v3,5.0,5,5,,Can we get an early check-in tomorrow? Our flight lands at nine in the morning.,明日、早めのチェックインはできますか？私たちのフライトは午前9時に到着します。
hotel-03,German,de,hotel,LiveLingo,5.0,5,5,,Can we get an early check-in tomorrow? Our flight lands at nine in the morning.,Können wir morgen ein frühes Check‑in bekommen? Unser Flug landet um 9 Uhr morgens.
hotel-03,German,de,hotel,Whisper + GPT-4o-mini,5.0,5,5,,Can we get an early check-in tomorrow? Our flight lands at nine in the morning.,Können wir morgen früher einchecken? Unser Flug landet um 9 Uhr morgens.
hotel-03,German,de,hotel,Azure Speech Translation,5.0,5,5,,Can we get an early check-in tomorrow? Our flight lands at nine in the morning.,Können wir morgen früh einchecken? Unser Flug landet um 9:00 Uhr morgens.
hotel-03,German,de,hotel,Google Cloud Translation v3,5.0,5,5,,Can we get an early check-in tomorrow? Our flight lands at nine in the morning.,Können wir morgen früh einchecken? Unser Flug landet um 9 Uhr morgens.
hotel-04,Simplified Chinese,zh-CN,hotel,LiveLingo,5.0,5,5,,Where's the closest pharmacy that's open late? My daughter has a fever.,最近的、营业到很晚的药店在哪里？我女儿发烧了。
hotel-04,Simplified Chinese,zh-CN,hotel,Whisper + GPT-4o-mini,4.5,4,5,,Where's the closest pharmacy that's open late? My daughter has a fever.,最近的药店在哪里？我女儿发烧了。
hotel-04,Simplified Chinese,zh-CN,hotel,Azure Speech Translation,5.0,5,5,,Where's the closest pharmacy that's open late? My daughter has a fever.,最近的深夜开门药房在哪里？我女儿发烧了。
hotel-04,Simplified Chinese,zh-CN,hotel,Google Cloud Translation v3,5.0,5,5,,Where's the closest pharmacy that's open late? My daughter has a fever.,哪里有最近的、营业到很晚的药店？ 我女儿发烧了
hotel-04,Japanese,ja,hotel,LiveLingo,5.0,5,5,,Where's the closest pharmacy that's open late? My daughter has a fever.,遅くまで営業している一番近い薬局はどこですか？娘が熱を出しています。
hotel-04,Japanese,ja,hotel,Whisper + GPT-4o-mini,5.0,5,5,,Where's the closest pharmacy that's open late? My daughter has a fever.,遅くまで開いている最寄りの薬局はどこですか？娘が熱を出しています。
hotel-04,Japanese,ja,hotel,Azure Speech Translation,5.0,5,5,,Where's the closest pharmacy that's open late? My daughter has a fever.,遅くまで開いている一番近い薬局はどこですか?娘が熱がある。
hotel-04,Japanese,ja,hotel,Google Cloud Translation v3,5.0,5,5,,Where's the closest pharmacy that's open late? My daughter has a fever.,夜遅くまで営業している最寄りの薬局はどこですか？ 娘が熱を出している
hotel-04,German,de,hotel,LiveLingo,5.0,5,5,,Where's the closest pharmacy that's open late? My daughter has a fever.,"Wo ist die nächste Apotheke, die bis spät geöffnet hat? Meine Tochter hat Fieber."
hotel-04,German,de,hotel,Whisper + GPT-4o-mini,5.0,5,5,,Where's the closest pharmacy that's open late? My daughter has a fever.,"Wo ist die nächste Apotheke, die lange geöffnet hat? Meine Tochter hat Fieber."
hotel-04,German,de,hotel,Azure Speech Translation,5.0,5,5,,Where's the closest pharmacy that's open late? My daughter has a fever.,"Wo ist die nächstgelegene Apotheke, die bis spät geöffnet hat? Meine Tochter hat Fieber."
hotel-04,German,de,hotel,Google Cloud Translation v3,5.0,5,5,,Where's the closest pharmacy that's open late? My daughter has a fever.,"Wo ist die nächste Apotheke, die lange geöffnet hat? Meine Tochter hat Fieber."
hotel-05,Simplified Chinese,zh-CN,hotel,LiveLingo,5.0,5,5,,Could you arrange a taxi to the airport for six in the morning tomorrow?,您能安排明天早上6点的机场出租车吗？
hotel-05,Simplified Chinese,zh-CN,hotel,Whisper + GPT-4o-mini,5.0,5,5,,Could you arrange a taxi to the airport for six in the morning tomorrow?,你能为我安排明天早上六点去机场的出租车吗？
hotel-05,Simplified Chinese,zh-CN,hotel,Azure Speech Translation,5.0,5,5,,Could you arrange a taxi to the airport for six in the morning tomorrow?,你能帮我安排明天早上6点去机场的出租车吗？
hotel-05,Simplified Chinese,zh-CN,hotel,Google Cloud Translation v3,5.0,5,5,,Could you arrange a taxi to the airport for six in the morning tomorrow?,您能安排明天早上六点到机场的出租车吗？
hotel-05,Japanese,ja,hotel,LiveLingo,5.0,5,5,,Could you arrange a taxi to the airport for six in the morning tomorrow?,明日の朝6時に空港行きのタクシーを手配していただけますか？
hotel-05,Japanese,ja,hotel,Whisper + GPT-4o-mini,5.0,5,5,,Could you arrange a taxi to the airport for six in the morning tomorrow?,明日の朝6時に空港までのタクシーを手配していただけますか？
hotel-05,Japanese,ja,hotel,Azure Speech Translation,5.0,5,5,,Could you arrange a taxi to the airport for six in the morning tomorrow?,明日の朝6時に空港までのタクシーを手配できますか?
hotel-05,Japanese,ja,hotel,Google Cloud Translation v3,5.0,5,5,,Could you arrange a taxi to the airport for six in the morning tomorrow?,明日の朝6時に空港までタクシーを手配していただけますか？
hotel-05,German,de,hotel,LiveLingo,5.0,5,5,,Could you arrange a taxi to the airport for six in the morning tomorrow?,Könnten Sie für morgen um 6 Uhr morgens ein Taxi zum Flughafen organisieren?
hotel-05,German,de,hotel,Whisper + GPT-4o-mini,5.0,5,5,,Could you arrange a taxi to the airport for six in the morning tomorrow?,Könnten Sie ein Taxi zum Flughafen für morgen um 6 Uhr morgens bestellen?
hotel-05,German,de,hotel,Azure Speech Translation,5.0,5,5,,Could you arrange a taxi to the airport for six in the morning tomorrow?,Könnten Sie morgen um 6 Uhr morgens ein Taxi zum Flughafen organisieren?
hotel-05,German,de,hotel,Google Cloud Translation v3,5.0,5,5,,Could you arrange a taxi to the airport for six in the morning tomorrow?,Könnten Sie mir morgen früh um sechs Uhr ein Taxi zum Flughafen organisieren?
hotel-06,Simplified Chinese,zh-CN,hotel,LiveLingo,5.0,5,5,,"Is breakfast included in the room rate, or is it an extra charge?",早餐包含在房价内吗，还是需要额外付费？
hotel-06,Simplified Chinese,zh-CN,hotel,Whisper + GPT-4o-mini,5.0,5,5,,"Is breakfast included in the room rate, or is it an extra charge?",早餐包含在房费中吗，还是需要额外收费？
hotel-06,Simplified Chinese,zh-CN,hotel,Azure Speech Translation,5.0,5,5,,"Is breakfast included in the room rate, or is it an extra charge?",早餐包含在房价里吗，还是需要额外收费？
hotel-06,Simplified Chinese,zh-CN,hotel,Google Cloud Translation v3,5.0,5,5,,"Is breakfast included in the room rate, or is it an extra charge?",房价包含早餐吗？还是需要额外付费？
hotel-06,Japanese,ja,hotel,LiveLingo,5.0,5,5,,"Is breakfast included in the room rate, or is it an extra charge?",朝食は宿泊料金に含まれていますか、それとも別料金ですか？
hotel-06,Japanese,ja,hotel,Whisper + GPT-4o-mini,5.0,5,5,,"Is breakfast included in the room rate, or is it an extra charge?",朝食は部屋代に含まれていますか、それとも追加料金がかかりますか？
hotel-06,Japanese,ja,hotel,Azure Speech Translation,5.0,5,5,,"Is breakfast included in the room rate, or is it an extra charge?",朝食は部屋料金に含まれていますか、それとも追加料金ですか?
hotel-06,Japanese,ja,hotel,Google Cloud Translation v3,5.0,5,5,,"Is breakfast included in the room rate, or is it an extra charge?",朝食は宿泊料金に含まれていますか、それとも追加料金がかかりますか？
hotel-06,German,de,hotel,LiveLingo,5.0,5,5,,"Is breakfast included in the room rate, or is it an extra charge?",Ist das Frühstück im Zimmerpreis inbegriffen oder wird es extra berechnet?
hotel-06,German,de,hotel,Whisper + GPT-4o-mini,5.0,5,5,,"Is breakfast included in the room rate, or is it an extra charge?",Ist das Frühstück im Zimmerpreis enthalten oder fällt dafür eine zusätzliche Gebühr an?
hotel-06,German,de,hotel,Azure Speech Translation,5.0,5,5,,"Is breakfast included in the room rate, or is it an extra charge?",Ist das Frühstück im Zimmerpreis enthalten oder kostet das zusätzlich?
hotel-06,German,de,hotel,Google Cloud Translation v3,5.0,5,5,,"Is breakfast included in the room rate, or is it an extra charge?",Ist das Frühstück im Zimmerpreis inbegriffen oder wird es extra berechnet?
fam-01,Simplified Chinese,zh-CN,family,LiveLingo,5.0,5,5,,"I know you're tired, but we need to talk about what happened at dinner.",我知道你很累，但我们需要谈谈晚餐时发生的事。
fam-01,Simplified Chinese,zh-CN,family,Whisper + GPT-4o-mini,5.0,5,5,,"I know you're tired, but we need to talk about what happened at dinner.",我知道你很累，但我们需要谈谈晚餐时发生的事情。
fam-01,Simplified Chinese,zh-CN,family,Azure Speech Translation,5.0,5,5,,"I know you're tired, but we need to talk about what happened at dinner.",我知道你累了，但我们得谈谈晚饭时发生的事。
fam-01,Simplified Chinese,zh-CN,family,Google Cloud Translation v3,5.0,5,5,,"I know you're tired, but we need to talk about what happened at dinner.",我知道你很累，但我们需要谈谈晚餐时发生的事情。
fam-01,Japanese,ja,family,LiveLingo,5.0,5,5,,"I know you're tired, but we need to talk about what happened at dinner.",疲れているのはわかっていますが、夕食で起きたことについて話す必要があります。
fam-01,Japanese,ja,family,Whisper + GPT-4o-mini,5.0,5,5,,"I know you're tired, but we need to talk about what happened at dinner.",疲れているのはわかっていますが、夕食で起こったことについて話す必要があります。
fam-01,Japanese,ja,family,Azure Speech Translation,5.0,5,5,,"I know you're tired, but we need to talk about what happened at dinner.",疲れているのはわかるけど、夕食の時に起きたことについて話さなきゃいけない。
fam-01,Japanese,ja,family,Google Cloud Translation v3,5.0,5,5,,"I know you're tired, but we need to talk about what happened at dinner.",疲れているのは分かっているけど、夕食で何があったのか話し合う必要がある。
fam-01,German,de,family,LiveLingo,5.0,5,5,,"I know you're tired, but we need to talk about what happened at dinner.","Ich weiß, dass du müde bist, aber wir müssen über das, was beim Abendessen passiert ist, sprechen."
fam-01,German,de,family,Whisper + GPT-4o-mini,5.0,5,5,,"I know you're tired, but we need to talk about what happened at dinner.","Ich weiß, dass du müde bist, aber wir müssen über das sprechen, was beim Abendessen passiert ist."
fam-01,German,de,family,Azure Speech Translation,5.0,5,5,,"I know you're tired, but we need to talk about what happened at dinner.","Ich weiß, du bist müde, aber wir müssen über das reden, was beim Abendessen passiert ist."
fam-01,German,de,family,Google Cloud Translation v3,5.0,5,5,,"I know you're tired, but we need to talk about what happened at dinner.","Ich weiß, du bist müde, aber wir müssen über das reden, was beim Abendessen passiert ist."
fam-02,Simplified Chinese,zh-CN,family,LiveLingo,5.0,5,5,,Mom called this morning. She wants us to visit next weekend if we can.,妈妈今天早上打电话。她想让我们如果可以的话，下个周末去拜访。
fam-02,Simplified Chinese,zh-CN,family,Whisper + GPT-4o-mini,5.0,5,5,,Mom called this morning. She wants us to visit next weekend if we can.,妈妈今天早上打电话了。她希望我们下个周末能去看她，如果可以的话。
fam-02,Simplified Chinese,zh-CN,family,Azure Speech Translation,5.0,5,5,,Mom called this morning. She wants us to visit next weekend if we can.,妈妈今天早上打电话来了。她希望我们下周末能去看她。
fam-02,Simplified Chinese,zh-CN,family,Google Cloud Translation v3,5.0,5,5,,Mom called this morning. She wants us to visit next weekend if we can.,妈妈今天早上打电话来了 她希望我们下周末能去拜访她。
fam-02,Japanese,ja,family,LiveLingo,4.5,5,4,,Mom called this morning. She wants us to visit next weekend if we can.,母が今朝電話してきて、来週の週末に私たちが訪ねてくれるといいと言っていた。
fam-02,Japanese,ja,family,Whisper + GPT-4o-mini,5.0,5,5,,Mom called this morning. She wants us to visit next weekend if we can.,今朝、母から電話がありました。来週末に私たちが行けるなら、訪れてほしいそうです。
fam-02,Japanese,ja,family,Azure Speech Translation,5.0,5,5,,Mom called this morning. She wants us to visit next weekend if we can.,今朝、ママから電話があった。もし可能なら来週末に訪ねてほしいと言われています。
fam-02,Japanese,ja,family,Google Cloud Translation v3,4.5,5,4,,Mom called this morning. She wants us to visit next weekend if we can.,今朝、母から電話がありました。 彼女は来週末に私たちが来られるなら訪ねてきてほしいと言っています
fam-02,German,de,family,LiveLingo,5.0,5,5,,Mom called this morning. She wants us to visit next weekend if we can.,"Mama hat heute Morgen angerufen. Sie möchte, dass wir nächstes Wochenende zu ihr kommen, wenn wir können."
fam-02,German,de,family,Whisper + GPT-4o-mini,4.5,5,4,,Mom called this morning. She wants us to visit next weekend if we can.,"Mama hat heute Morgen angerufen. Sie möchte, dass wir nächstes Wochenende besuchen, wenn wir können."
fam-02,German,de,family,Azure Speech Translation,5.0,5,5,,Mom called this morning. She wants us to visit next weekend if we can.,"Mama hat heute Morgen angerufen. Sie möchte, dass wir nächstes Wochenende zu Besuch kommen, wenn wir können."
fam-02,German,de,family,Google Cloud Translation v3,5.0,5,5,,Mom called this morning. She wants us to visit next weekend if we can.,"Meine Mutter hat heute Morgen angerufen. Sie möchte, dass wir sie nächstes Wochenende besuchen, wenn es uns möglich ist."
fam-03,Simplified Chinese,zh-CN,family,LiveLingo,5.0,5,5,,I'm sorry I was harsh earlier. I was stressed about work and took it out on you.,对不起，我刚才太严厉了。我因为工作压力大，把情绪发泄在你身上。
fam-03,Simplified Chinese,zh-CN,family,Whisper + GPT-4o-mini,3.0,3,3,,I'm sorry I was harsh earlier. I was stressed about work and took it out on you.,对不起，我之前说得很 harsh，我因为工作压力大而把情绪发泄在你身上。
fam-03,Simplified Chinese,zh-CN,family,Azure Speech Translation,5.0,5,5,,I'm sorry I was harsh earlier. I was stressed about work and took it out on you.,抱歉刚才我说得太严厉了。我工作压力大，把气撒在你身上。
fam-03,Simplified Chinese,zh-CN,family,Google Cloud Translation v3,5.0,5,5,,I'm sorry I was harsh earlier. I was stressed about work and took it out on you.,对不起，我之前语气太重了，我工作压力很大，就把气撒在你身上了。
fam-03,Japanese,ja,family,LiveLingo,5.0,5,5,,I'm sorry I was harsh earlier. I was stressed about work and took it out on you.,先ほどは厳しくしてしまい、申し訳ありません。仕事のストレスが原因で、あなたに当たってしまいました。
fam-03,Japanese,ja,family,Whisper + GPT-4o-mini,5.0,5,5,,I'm sorry I was harsh earlier. I was stressed about work and took it out on you.,前は厳しくしてごめんなさい、仕事でストレスが溜まっていて、あなたに当たってしまいました。
fam-03,Japanese,ja,family,Azure Speech Translation,5.0,5,5,,I'm sorry I was harsh earlier. I was stressed about work and took it out on you.,さっきは厳しく言ってごめんなさい。仕事のことでストレスが溜まって、あなたに当たったの。
fam-03,Japanese,ja,family,Google Cloud Translation v3,5.0,5,5,,I'm sorry I was harsh earlier. I was stressed about work and took it out on you.,先ほどはひどい態度をとってしまい、ごめんなさい。仕事のストレスであなたに八つ当たりしてしまいました。
fam-03,German,de,family,LiveLingo,5.0,5,5,,I'm sorry I was harsh earlier. I was stressed about work and took it out on you.,"Es tut mir leid, dass ich vorher so hart war. Ich war wegen der Arbeit gestresst und habe das an dir ausgelassen."
fam-03,German,de,family,Whisper + GPT-4o-mini,5.0,5,5,,I'm sorry I was harsh earlier. I was stressed about work and took it out on you.,"Es tut mir leid, dass ich vorhin hart war, ich war gestresst wegen der Arbeit und habe es an dir ausgelassen."
fam-03,German,de,family,Azure Speech Translation,5.0,5,5,,I'm sorry I was harsh earlier. I was stressed about work and took it out on you.,"Es tut mir leid, dass ich vorhin so streng war. Ich war wegen der Arbeit gestresst und habe es an dir ausgelassen."
fam-03,German,de,family,Google Cloud Translation v3,5.0,5,5,,I'm sorry I was harsh earlier. I was stressed about work and took it out on you.,"Es tut mir leid, dass ich vorhin so harsch war. Ich war wegen der Arbeit gestresst und habe das an dir ausgelassen."
fam-04,Simplified Chinese,zh-CN,family,LiveLingo,5.0,5,5,,The kids really miss their grandparents. Maybe we should plan a visit soon.,孩子们真的很想念祖父母。也许我们应该尽快安排一次探访。
fam-04,Simplified Chinese,zh-CN,family,Whisper + GPT-4o-mini,5.0,5,5,,The kids really miss their grandparents. Maybe we should plan a visit soon.,孩子们真的很想念他们的祖父母。也许我们应该尽快计划一次拜访。
fam-04,Simplified Chinese,zh-CN,family,Azure Speech Translation,5.0,5,5,,The kids really miss their grandparents. Maybe we should plan a visit soon.,孩子们真的很想念他们的祖父母。也许我们应该尽快计划一次拜访。
fam-04,Simplified Chinese,zh-CN,family,Google Cloud Translation v3,5.0,5,5,,The kids really miss their grandparents. Maybe we should plan a visit soon.,孩子们非常想念他们的祖父母。 或许我们应该尽快安排一次拜访。
fam-04,Japanese,ja,family,LiveLingo,5.0,5,5,,The kids really miss their grandparents. Maybe we should plan a visit soon.,子どもたちは本当に祖父母が恋しいです。近いうちに訪問の計画を立てた方がいいかもしれません。
fam-04,Japanese,ja,family,Whisper + GPT-4o-mini,5.0,5,5,,The kids really miss their grandparents. Maybe we should plan a visit soon.,子供たちは本当に祖父母を恋しがっています。近いうちに訪問を計画した方がいいかもしれません。
fam-04,Japanese,ja,family,Azure Speech Translation,5.0,5,5,,The kids really miss their grandparents. Maybe we should plan a visit soon.,子どもたちは本当に祖父母が恋しいです。近いうちに訪問の計画を立てたほうがいいかもね。
fam-04,Japanese,ja,family,Google Cloud Translation v3,5.0,5,5,,The kids really miss their grandparents. Maybe we should plan a visit soon.,子供たちは祖父母をとても恋しがっている。 近いうちに訪問を計画した方がいいかもしれない
fam-04,German,de,family,LiveLingo,5.0,5,5,,The kids really miss their grandparents. Maybe we should plan a visit soon.,Die Kinder vermissen ihre Großeltern sehr. Vielleicht sollten wir bald einen Besuch planen.
fam-04,German,de,family,Whisper + GPT-4o-mini,5.0,5,5,,The kids really miss their grandparents. Maybe we should plan a visit soon.,Die Kinder vermissen ihre Großeltern wirklich. Vielleicht sollten wir bald einen Besuch planen.
fam-04,German,de,family,Azure Speech Translation,5.0,5,5,,The kids really miss their grandparents. Maybe we should plan a visit soon.,Die Kinder vermissen ihre Großeltern wirklich. Vielleicht sollten wir bald einen Besuch planen.
fam-04,German,de,family,Google Cloud Translation v3,5.0,5,5,,The kids really miss their grandparents. Maybe we should plan a visit soon.,Die Kinder vermissen ihre Großeltern sehr. Vielleicht sollten wir bald einen Besuch planen.
fam-05,Simplified Chinese,zh-CN,family,LiveLingo,5.0,5,5,,I don't know how to tell my parents about this. They're going to be really upset.,我不知道该怎么把这件事告诉我的父母。他们会非常生气。
fam-05,Simplified Chinese,zh-CN,family,Whisper + GPT-4o-mini,5.0,5,5,,I don't know how to tell my parents about this. They're going to be really upset.,我不知道该如何告诉我的父母这件事。他们会非常生气。
fam-05,Simplified Chinese,zh-CN,family,Azure Speech Translation,5.0,5,5,,I don't know how to tell my parents about this. They're going to be really upset.,我不知道该怎么告诉父母这件事。他们会非常生气的。
fam-05,Simplified Chinese,zh-CN,family,Google Cloud Translation v3,5.0,5,5,,I don't know how to tell my parents about this. They're going to be really upset.,我不知道该怎么跟父母说这件事，他们肯定会很伤心的。
fam-05,Japanese,ja,family,LiveLingo,5.0,5,5,,I don't know how to tell my parents about this. They're going to be really upset.,どうやって両親にこれを伝えたらいいかわからない。両親は本当に怒るだろう。
fam-05,Japanese,ja,family,Whisper + GPT-4o-mini,5.0,5,5,,I don't know how to tell my parents about this. They're going to be really upset.,これについて両親にどう伝えればいいかわからない。彼らは本当に怒るだろう。
fam-05,Japanese,ja,family,Azure Speech Translation,5.0,5,5,,I don't know how to tell my parents about this. They're going to be really upset.,両親にどう伝えればいいのかわかりません。彼らは本当に怒るだろう。
fam-05,Japanese,ja,family,Google Cloud Translation v3,5.0,5,5,,I don't know how to tell my parents about this. They're going to be really upset.,両親にどう伝えたらいいのかわからない。きっとすごく怒るだろう。
fam-05,German,de,family,LiveLingo,5.0,5,5,,I don't know how to tell my parents about this. They're going to be really upset.,"Ich weiß nicht, wie ich das meinen Eltern sagen soll. Sie werden wirklich verärgert sein."
fam-05,German,de,family,Whisper + GPT-4o-mini,5.0,5,5,,I don't know how to tell my parents about this. They're going to be really upset.,"Ich weiß nicht, wie ich meinen Eltern davon erzählen soll. Sie werden wirklich verärgert sein."
fam-05,German,de,family,Azure Speech Translation,5.0,5,5,,I don't know how to tell my parents about this. They're going to be really upset.,"Ich weiß nicht, wie ich es meinen Eltern sagen soll. Sie werden wirklich aufgebracht sein."
fam-05,German,de,family,Google Cloud Translation v3,5.0,5,5,,I don't know how to tell my parents about this. They're going to be really upset.,"Ich weiß nicht, wie ich das meinen Eltern sagen soll, sie werden total verärgert sein."
fam-06,Simplified Chinese,zh-CN,family,LiveLingo,5.0,5,5,,Can we talk about this after the kids go to bed? I don't want them to overhear.,我们可以等孩子们睡觉后再谈这件事吗？我不想让他们听到。
fam-06,Simplified Chinese,zh-CN,family,Whisper + GPT-4o-mini,5.0,5,5,,Can we talk about this after the kids go to bed? I don't want them to overhear.,我们可以在孩子们睡觉后再谈这个吗？我不想让他们听到。
fam-06,Simplified Chinese,zh-CN,family,Azure Speech Translation,5.0,5,5,,Can we talk about this after the kids go to bed? I don't want them to overhear.,孩子们睡了我们能谈吗？ 我不想让他们听见。
fam-06,Simplified Chinese,zh-CN,family,Google Cloud Translation v3,5.0,5,5,,Can we talk about this after the kids go to bed? I don't want them to overhear.,等孩子们睡着后我们再谈这件事吧 我不想让他们听到
fam-06,Japanese,ja,family,LiveLingo,5.0,5,5,,Can we talk about this after the kids go to bed? I don't want them to overhear.,子供たちが寝た後でこのことを話せますか？聞かれたくないんです。
fam-06,Japanese,ja,family,Whisper + GPT-4o-mini,5.0,5,5,,Can we talk about this after the kids go to bed? I don't want them to overhear.,子供たちが寝た後にこのことについて話せますか？彼らに聞かれたくないです。
fam-06,Japanese,ja,family,Azure Speech Translation,5.0,5,5,,Can we talk about this after the kids go to bed? I don't want them to overhear.,子どもたちが寝た後で話せる? 聞こえてほしくないんだ。
fam-06,Japanese,ja,family,Google Cloud Translation v3,5.0,5,5,,Can we talk about this after the kids go to bed? I don't want them to overhear.,子供たちが寝た後でこのことについて話し合えますか？ 彼らに聞かれたくない
fam-06,German,de,family,LiveLingo,5.0,5,5,,Can we talk about this after the kids go to bed? I don't want them to overhear.,"Können wir darüber sprechen, nachdem die Kinder ins Bett gegangen sind? Ich möchte nicht, dass sie mithören."
fam-06,German,de,family,Whisper + GPT-4o-mini,5.0,5,5,,Can we talk about this after the kids go to bed? I don't want them to overhear.,"Können wir darüber sprechen, nachdem die Kinder ins Bett gegangen sind? Ich möchte nicht, dass sie es mitbekommen."
fam-06,German,de,family,Azure Speech Translation,5.0,5,5,,Can we talk about this after the kids go to bed? I don't want them to overhear.,"Können wir darüber reden, nachdem die Kinder ins Bett gegangen sind? Ich will nicht, dass sie mithören."
fam-06,German,de,family,Google Cloud Translation v3,5.0,5,5,,Can we talk about this after the kids go to bed? I don't want them to overhear.,"Können wir darüber reden, nachdem die Kinder im Bett sind? Ich möchte nicht, dass sie es mithören."
biz-01,Simplified Chinese,zh-CN,business,LiveLingo,5.0,5,5,,Can we push the kickoff meeting to Tuesday? Sarah's flying in late on Monday.,我们能把启动会议推迟到星期二吗？Sarah 周一晚点到。
biz-01,Simplified Chinese,zh-CN,business,Whisper + GPT-4o-mini,3.5,4,3,,Can we push the kickoff meeting to Tuesday? Sarah's flying in late on Monday.,我们可以把启动会议推迟到星期二吗？莎拉星期一晚些时候才到。 星期一。
biz-01,Simplified Chinese,zh-CN,business,Azure Speech Translation,5.0,5,5,,Can we push the kickoff meeting to Tuesday? Sarah's flying in late on Monday.,我们能把启动会议推迟到周二吗？ 莎拉周一晚些时候飞过来。
biz-01,Simplified Chinese,zh-CN,business,Google Cloud Translation v3,5.0,5,5,,Can we push the kickoff meeting to Tuesday? Sarah's flying in late on Monday.,我们能否将启动会议推迟到周二？ 莎拉周一晚些时候会飞过来。
biz-01,Japanese,ja,business,LiveLingo,5.0,5,5,,Can we push the kickoff meeting to Tuesday? Sarah's flying in late on Monday.,キックオフミーティングを火曜日に延期できますか？サラは月曜日に遅れて到着します。
biz-01,Japanese,ja,business,Whisper + GPT-4o-mini,3.5,4,3,,Can we push the kickoff meeting to Tuesday? Sarah's flying in late on Monday.,キックオフミーティングを火曜日に延期できますか？サラは月曜日の遅い時間に到着します。 月曜日。
biz-01,Japanese,ja,business,Azure Speech Translation,5.0,5,5,,Can we push the kickoff meeting to Tuesday? Sarah's flying in late on Monday.,キックオフミーティングを火曜日に延期できる? サラは月曜の遅い時間に飛行機で来るんだ。
biz-01,Japanese,ja,business,Google Cloud Translation v3,4.5,5,4,,Can we push the kickoff meeting to Tuesday? Sarah's flying in late on Monday.,キックオフミーティングを火曜日に延期できますか？ サラは月曜日の遅い時間に飛行機で到着する
biz-01,German,de,business,LiveLingo,5.0,5,5,,Can we push the kickoff meeting to Tuesday? Sarah's flying in late on Monday.,Können wir das Kickoff‑Meeting auf Dienstag verschieben? Sarah kommt am Montag spät an.
biz-01,German,de,business,Whisper + GPT-4o-mini,4.0,4,4,,Can we push the kickoff meeting to Tuesday? Sarah's flying in late on Monday.,Können wir das Kickoff-Meeting auf Dienstag verschieben? Sarah kommt am Montag spät an. Montag.
biz-01,German,de,business,Azure Speech Translation,5.0,5,5,,Can we push the kickoff meeting to Tuesday? Sarah's flying in late on Monday.,Können wir das Kickoff-Meeting auf Dienstag verschieben? Sarah fliegt am Montag spät an.
biz-01,German,de,business,Google Cloud Translation v3,5.0,5,5,,Can we push the kickoff meeting to Tuesday? Sarah's flying in late on Monday.,Können wir das Auftaktmeeting auf Dienstag verschieben? Sarah kommt am späten Montag an.
biz-02,Simplified Chinese,zh-CN,business,LiveLingo,5.0,5,5,,"Our quarterly numbers came in below consensus, mostly due to supply chain delays.",我们的季度数据低于共识，主要是由于供应链延迟。
biz-02,Simplified Chinese,zh-CN,business,Whisper + GPT-4o-mini,2.0,2,2,,"Our quarterly numbers came in below consensus, mostly due to supply chain delays.",我们的季度数字低于市场预期，主要是由于供应链延迟。 方式。 你
biz-02,Simplified Chinese,zh-CN,business,Azure Speech Translation,5.0,5,5,,"Our quarterly numbers came in below consensus, mostly due to supply chain delays.",我们的季度数据低于市场共识，主要是由于供应链延误。
biz-02,Simplified Chinese,zh-CN,business,Google Cloud Translation v3,5.0,5,5,,"Our quarterly numbers came in below consensus, mostly due to supply chain delays.",由于供应链延迟，我们的季度业绩低于预期。
biz-02,Japanese,ja,business,LiveLingo,5.0,5,5,,"Our quarterly numbers came in below consensus, mostly due to supply chain delays.",当社の四半期の数値はコンセンサスを下回り、主にサプライチェーンの遅延が原因でした。
biz-02,Japanese,ja,business,Whisper + GPT-4o-mini,2.0,2,2,,"Our quarterly numbers came in below consensus, mostly due to supply chain delays.",四半期の数字はコンセンサスを下回り、主にサプライチェーンの遅延が原因です。 方法。 あなた
biz-02,Japanese,ja,business,Azure Speech Translation,5.0,5,5,,"Our quarterly numbers came in below consensus, mostly due to supply chain delays.",四半期の数字はコンセンサスを下回り、主にサプライチェーンの遅延が原因でした。
biz-02,Japanese,ja,business,Google Cloud Translation v3,5.0,5,5,,"Our quarterly numbers came in below consensus, mostly due to supply chain delays.",当社の四半期業績は、主にサプライチェーンの遅延により、市場予想を下回りました。
biz-02,German,de,business,LiveLingo,5.0,5,5,,"Our quarterly numbers came in below consensus, mostly due to supply chain delays.","Unsere Quartalszahlen lagen unter dem Konsens, hauptsächlich aufgrund von Lieferkettenverzögerungen."
biz-02,German,de,business,Whisper + GPT-4o-mini,2.0,2,2,,"Our quarterly numbers came in below consensus, mostly due to supply chain delays.","Unsere Quartalszahlen lagen unter den Erwartungen, hauptsächlich aufgrund von Lieferkettenverzögerungen. Wege. du"
biz-02,German,de,business,Azure Speech Translation,5.0,5,5,,"Our quarterly numbers came in below consensus, mostly due to supply chain delays.","Unsere Quartalszahlen lagen unter dem Konsens, hauptsächlich aufgrund von Verzögerungen in der Lieferkette."
biz-02,German,de,business,Google Cloud Translation v3,5.0,5,5,,"Our quarterly numbers came in below consensus, mostly due to supply chain delays.","Unsere Quartalszahlen lagen unter den Erwartungen, hauptsächlich aufgrund von Verzögerungen in der Lieferkette."
biz-03,Simplified Chinese,zh-CN,business,LiveLingo,5.0,5,5,,"I'll send the updated proposal by end of week, but we need your input on the timeline.",我将在本周末前发送更新的提案，但我们需要您对时间表的意见。
biz-03,Simplified Chinese,zh-CN,business,Whisper + GPT-4o-mini,5.0,5,5,,"I'll send the updated proposal by end of week, but we need your input on the timeline.",我将在本周末之前发送更新的提案，但我们需要您对时间表的意见。
biz-03,Simplified Chinese,zh-CN,business,Azure Speech Translation,5.0,5,5,,"I'll send the updated proposal by end of week, but we need your input on the timeline.",我会在本周末前发送更新后的提案，但我们需要你对时间表的意见。
biz-03,Simplified Chinese,zh-CN,business,Google Cloud Translation v3,5.0,5,5,,"I'll send the updated proposal by end of week, but we need your input on the timeline.",我会在本周结束前发送更新后的方案，但我们需要您对时间安排提出意见。
biz-03,Japanese,ja,business,LiveLingo,5.0,5,5,,"I'll send the updated proposal by end of week, but we need your input on the timeline.",今週末までに更新した提案書を送りますが、タイムラインについてご意見が必要です。
biz-03,Japanese,ja,business,Whisper + GPT-4o-mini,5.0,5,5,,"I'll send the updated proposal by end of week, but we need your input on the timeline.",週の終わりまでに更新された提案を送りますが、タイムラインについてあなたの意見が必要です。
biz-03,Japanese,ja,business,Azure Speech Translation,5.0,5,5,,"I'll send the updated proposal by end of week, but we need your input on the timeline.",今週末までに更新された提案書を送りますが、スケジュールについては皆さんの意見が必要です。
biz-03,Japanese,ja,business,Google Cloud Translation v3,5.0,5,5,,"I'll send the updated proposal by end of week, but we need your input on the timeline.",今週末までに更新された提案書をお送りしますが、スケジュールについてご意見を伺いたいです。
biz-03,German,de,business,LiveLingo,5.0,5,5,,"I'll send the updated proposal by end of week, but we need your input on the timeline.","Ich werde den aktualisierten Vorschlag bis Ende der Woche senden, aber wir benötigen Ihr Feedback zum Zeitplan."
biz-03,German,de,business,Whisper + GPT-4o-mini,5.0,5,5,,"I'll send the updated proposal by end of week, but we need your input on the timeline.","Ich werde den aktualisierten Vorschlag bis Ende der Woche senden, aber wir benötigen Ihr Feedback zum Zeitplan."
biz-03,German,de,business,Azure Speech Translation,5.0,5,5,,"I'll send the updated proposal by end of week, but we need your input on the timeline.","Ich schicke den aktualisierten Vorschlag bis Ende der Woche, aber wir brauchen deine Meinung zum Zeitplan."
biz-03,German,de,business,Google Cloud Translation v3,5.0,5,5,,"I'll send the updated proposal by end of week, but we need your input on the timeline.","Ich schicke Ihnen den aktualisierten Vorschlag bis Ende der Woche, aber wir benötigen Ihre Rückmeldung zum Zeitplan."
biz-04,Simplified Chinese,zh-CN,business,LiveLingo,5.0,5,5,,Let's loop in Marcus on this. He has more context on the client's expectations.,让我们把 Marcus 拉进来讨论这件事。他对客户的期望更了解。
biz-04,Simplified Chinese,zh-CN,business,Whisper + GPT-4o-mini,5.0,5,5,,Let's loop in Marcus on this. He has more context on the client's expectations.,让我们把马库斯也拉进来。他对客户的期望有更多的了解。
biz-04,Simplified Chinese,zh-CN,business,Azure Speech Translation,2.0,2,2,,Let's loop in Marcus on this. He has more context on the client's expectations.,我们来加点标记。 他对客户的期望有更多背景介绍。
biz-04,Simplified Chinese,zh-CN,business,Google Cloud Translation v3,5.0,5,5,,Let's loop in Marcus on this. He has more context on the client's expectations.,让我们把马库斯也拉进来讨论一下这件事。 他对客户的期望有更深入的了解。
biz-04,Japanese,ja,business,LiveLingo,5.0,5,5,,Let's loop in Marcus on this. He has more context on the client's expectations.,この件にマーカスを加えておきましょう。彼はクライアントの期待について、より多くの背景を把握しています。
biz-04,Japanese,ja,business,Whisper + GPT-4o-mini,4.5,5,4,,Let's loop in Marcus on this. He has more context on the client's expectations.,これについてマーカスを巻き込みましょう。彼はクライアントの期待についてより多くのコンテキストを持っています。
biz-04,Japanese,ja,business,Azure Speech Translation,2.0,2,2,,Let's loop in Marcus on this. He has more context on the client's expectations.,これにマーカーを組み込もう。 彼はクライアントの期待についてより詳しい背景を持っています。
biz-04,Japanese,ja,business,Google Cloud Translation v3,4.5,5,4,,Let's loop in Marcus on this. He has more context on the client's expectations.,この件についてはマーカスにも意見を聞いてみよう 彼は顧客の期待についてより詳しい情報を持っている
biz-04,German,de,business,LiveLingo,5.0,5,5,,Let's loop in Marcus on this. He has more context on the client's expectations.,Beziehen wir Marcus ein. Er hat mehr Kontext zu den Erwartungen des Kunden.
biz-04,German,de,business,Whisper + GPT-4o-mini,5.0,5,5,,Let's loop in Marcus on this. He has more context on the client's expectations.,Lass uns Marcus einbeziehen. Er hat mehr Kontext zu den Erwartungen des Kunden.
biz-04,German,de,business,Azure Speech Translation,2.0,2,2,,Let's loop in Marcus on this. He has more context on the client's expectations.,Lassen Sie uns dazu Marker einbinden. Er hat mehr Kontext zu den Erwartungen des Kunden.
biz-04,German,de,business,Google Cloud Translation v3,5.0,5,5,,Let's loop in Marcus on this. He has more context on the client's expectations.,Lasst uns Marcus dazu einbeziehen. Er hat einen besseren Überblick über die Erwartungen des Kunden.
biz-05,Simplified Chinese,zh-CN,business,LiveLingo,5.0,5,5,,The board wants a status update before Friday. Can you put together a one-pager?,董事会希望在周五之前收到进展报告。你能准备一页的简报吗？
biz-05,Simplified Chinese,zh-CN,business,Azure Speech Translation,2.0,2,2,,The board wants a status update before Friday. Can you put together a one-pager?,董事会要求在周五之前更新状态。 你能组装A1寻呼机吗？
biz-05,Simplified Chinese,zh-CN,business,Google Cloud Translation v3,2.0,2,2,,The board wants a status update before Friday. Can you put together a one-pager?,董事会在周五之前会发布一次状态更新。 你能整理一份一页纸的资料吗？
biz-05,Japanese,ja,business,LiveLingo,5.0,5,5,,The board wants a status update before Friday. Can you put together a one-pager?,取締役会は金曜日までに進捗報告を求めています。1枚の資料にまとめていただけますか？
biz-05,Japanese,ja,business,Azure Speech Translation,3.0,3,3,,The board wants a status update before Friday. Can you put together a one-pager?,理事会は金曜日までに状況報告を求めています。 A1ページを作れる?
biz-05,Japanese,ja,business,Google Cloud Translation v3,2.0,2,2,,The board wants a status update before Friday. Can you put together a one-pager?,理事会は金曜日前に状況報告を行った。 1ページにまとめてもらえますか？
biz-05,German,de,business,LiveLingo,5.0,5,5,,The board wants a status update before Friday. Can you put together a one-pager?,Der Vorstand möchte ein Status‑Update bis Freitag. Können Sie ein einseitiges Dokument zusammenstellen?
biz-05,German,de,business,Azure Speech Translation,3.0,4,2,,The board wants a status update before Friday. Can you put together a one-pager?,Der Vorstand möchte vor Freitag ein Statusupdate. Kannst du einen A1-Pager zusammenstellen?
biz-05,German,de,business,Google Cloud Translation v3,2.0,2,2,,The board wants a status update before Friday. Can you put together a one-pager?,Der Vorstand hatte vor Freitag einen Statusbericht veröffentlicht. Können Sie ein einseitiges Dokument erstellen?
biz-06,Simplified Chinese,zh-CN,business,LiveLingo,5.0,5,5,,We're hiring two more engineers for the platform team this quarter.,我们本季度为平台团队再招聘两名工程师。
biz-06,Simplified Chinese,zh-CN,business,Whisper + GPT-4o-mini,5.0,5,5,,We're hiring two more engineers for the platform team this quarter.,我们在这个季度为平台团队招聘两名工程师。
biz-06,Simplified Chinese,zh-CN,business,Azure Speech Translation,5.0,5,5,,We're hiring two more engineers for the platform team this quarter.,本季度我们为平台团队再招聘两名工程师。
biz-06,Simplified Chinese,zh-CN,business,Google Cloud Translation v3,5.0,5,5,,We're hiring two more engineers for the platform team this quarter.,本季度我们将为平台团队再招聘两名工程师。
biz-06,Japanese,ja,business,LiveLingo,5.0,5,5,,We're hiring two more engineers for the platform team this quarter.,今四半期、プラットフォームチームにエンジニアを2名増員します。
biz-06,Japanese,ja,business,Whisper + GPT-4o-mini,5.0,5,5,,We're hiring two more engineers for the platform team this quarter.,今四半期にプラットフォームチームのためにエンジニアを2人採用します。
biz-06,Japanese,ja,business,Azure Speech Translation,5.0,5,5,,We're hiring two more engineers for the platform team this quarter.,今四半期、プラットフォームチームにエンジニアを2名追加で採用します。
biz-06,Japanese,ja,business,Google Cloud Translation v3,5.0,5,5,,We're hiring two more engineers for the platform team this quarter.,今四半期中にプラットフォームチームにエンジニアを2名追加採用します。
biz-06,German,de,business,LiveLingo,5.0,5,5,,We're hiring two more engineers for the platform team this quarter.,Wir stellen in diesem Quartal zwei weitere Ingenieure für das Plattformteam ein.
biz-06,German,de,business,Whisper + GPT-4o-mini,5.0,5,5,,We're hiring two more engineers for the platform team this quarter.,Wir stellen in diesem Quartal zwei weitere Ingenieure für das Plattformteam ein.
biz-06,German,de,business,Azure Speech Translation,5.0,5,5,,We're hiring two more engineers for the platform team this quarter.,Wir stellen dieses Quartal zwei weitere Ingenieure für das Plattformteam ein.
biz-06,German,de,business,Google Cloud Translation v3,5.0,5,5,,We're hiring two more engineers for the platform team this quarter.,Wir stellen in diesem Quartal zwei weitere Ingenieure für das Plattformteam ein.
daily-01,Simplified Chinese,zh-CN,daily,LiveLingo,5.0,5,5,,"I'm not really hungry, but I'll grab something small if you're ordering.",我其实不太饿，不过如果你点餐的话，我会吃点小的。
daily-01,Simplified Chinese,zh-CN,daily,Whisper + GPT-4o-mini,5.0,5,5,,"I'm not really hungry, but I'll grab something small if you're ordering.",我不是很饿，但如果你点餐的话，我会吃点小的。
daily-01,Simplified Chinese,zh-CN,daily,Azure Speech Translation,4.5,5,4,,"I'm not really hungry, but I'll grab something small if you're ordering.",我其实不太饿，但如果你点的话我会买点小的。
daily-01,Simplified Chinese,zh-CN,daily,Google Cloud Translation v3,5.0,5,5,,"I'm not really hungry, but I'll grab something small if you're ordering.",我不太饿，不过如果你点餐的话，我可以点点小份的。
daily-01,Japanese,ja,daily,LiveLingo,5.0,5,5,,"I'm not really hungry, but I'll grab something small if you're ordering.",あまりお腹は空いていないんだけど、もし注文するなら少しだけ何か取っておくね。
daily-01,Japanese,ja,daily,Whisper + GPT-4o-mini,5.0,5,5,,"I'm not really hungry, but I'll grab something small if you're ordering.",あまりお腹は空いていないけれど、あなたが注文するなら何か小さいものを取るよ。
daily-01,Japanese,ja,daily,Azure Speech Translation,3.5,3,4,,"I'm not really hungry, but I'll grab something small if you're ordering.",あまりお腹は空いていませんが、注文なら小さなものを取ってきます。
daily-01,Japanese,ja,daily,Google Cloud Translation v3,4.5,4,5,,"I'm not really hungry, but I'll grab something small if you're ordering.",あまりお腹は空いていないけど、何か軽く食べるなら注文するよ
daily-01,German,de,daily,LiveLingo,5.0,5,5,,"I'm not really hungry, but I'll grab something small if you're ordering.","Ich habe nicht wirklich Hunger, aber ich nehme etwas Kleines, wenn du bestellst."
daily-01,German,de,daily,Whisper + GPT-4o-mini,5.0,5,5,,"I'm not really hungry, but I'll grab something small if you're ordering.","Ich habe nicht wirklich Hunger, aber ich werde mir etwas Kleines holen, wenn du bestellst."
daily-01,German,de,daily,Azure Speech Translation,5.0,5,5,,"I'm not really hungry, but I'll grab something small if you're ordering.","Ich habe eigentlich keinen Hunger, aber ich nehme etwas Kleines, falls du bestellst."
daily-01,German,de,daily,Google Cloud Translation v3,5.0,5,5,,"I'm not really hungry, but I'll grab something small if you're ordering.","Ich habe nicht wirklich Hunger, aber ich nehme mir eine Kleinigkeit, wenn du bestellst."
daily-02,Simplified Chinese,zh-CN,daily,LiveLingo,5.0,5,5,,It's been one of those weeks. I just want to crash on the couch tonight.,这周真是让人疲惫，我只想今晚倒在沙发上。
daily-02,Simplified Chinese,zh-CN,daily,Whisper + GPT-4o-mini,5.0,5,5,,It's been one of those weeks. I just want to crash on the couch tonight.,这周真是太糟糕了，我今晚只想倒在沙发上。
daily-02,Simplified Chinese,zh-CN,daily,Azure Speech Translation,3.5,4,3,,It's been one of those weeks. I just want to crash on the couch tonight.,这周真是这样的一周。我今晚只想睡沙发。
daily-02,Simplified Chinese,zh-CN,daily,Google Cloud Translation v3,5.0,5,5,,It's been one of those weeks. I just want to crash on the couch tonight.,这周真是太累了，今晚只想瘫在沙发上。
daily-02,Japanese,ja,daily,LiveLingo,5.0,5,5,,It's been one of those weeks. I just want to crash on the couch tonight.,今週は本当に疲れ切って、今夜はソファで倒れ込みたい。
daily-02,Japanese,ja,daily,Whisper + GPT-4o-mini,4.5,5,4,,It's been one of those weeks. I just want to crash on the couch tonight.,今週はそんな感じだったので、今夜はただソファでくつろぎたいです。
daily-02,Japanese,ja,daily,Azure Speech Translation,5.0,5,5,,It's been one of those weeks. I just want to crash on the couch tonight.,今週はそんな一週間でした。今夜はただソファで寝たいだけなんだ。
daily-02,Japanese,ja,daily,Google Cloud Translation v3,4.0,4,4,,It's been one of those weeks. I just want to crash on the couch tonight.,今週は、今夜はソファでゴロゴロしたい気分の週だった。
daily-02,German,de,daily,LiveLingo,5.0,5,5,,It's been one of those weeks. I just want to crash on the couch tonight.,"Es war eine dieser Wochen, in der ich heute Abend einfach nur auf dem Sofa zusammenbrechen möchte."
daily-02,German,de,daily,Whisper + GPT-4o-mini,5.0,5,5,,It's been one of those weeks. I just want to crash on the couch tonight.,"Es war so eine Woche, ich möchte mich heute Abend einfach auf die Couch legen."
daily-02,German,de,daily,Azure Speech Translation,3.5,4,3,,It's been one of those weeks. I just want to crash on the couch tonight.,Es war eine dieser Wochen. Ich will heute Nacht einfach nur auf der Couch schlafen.
daily-02,German,de,daily,Google Cloud Translation v3,4.5,4,5,,It's been one of those weeks. I just want to crash on the couch tonight.,"Es war so eine Woche, da möchte ich heute Abend einfach nur auf der Couch zusammenbrechen."
daily-03,Simplified Chinese,zh-CN,daily,LiveLingo,5.0,5,5,,"She didn't say anything, but I could tell she was upset.",她没有说话，但我能看出她很不高兴。
daily-03,Simplified Chinese,zh-CN,daily,Whisper + GPT-4o-mini,5.0,5,5,,"She didn't say anything, but I could tell she was upset.",她没有说什么，但我能看出她很不高兴。
daily-03,Simplified Chinese,zh-CN,daily,Azure Speech Translation,5.0,5,5,,"She didn't say anything, but I could tell she was upset.",她没说话，但我能感觉到她很难过。
daily-03,Simplified Chinese,zh-CN,daily,Google Cloud Translation v3,5.0,5,5,,"She didn't say anything, but I could tell she was upset.",她什么也没说，但我看得出来她很难过。
daily-03,Japanese,ja,daily,LiveLingo,5.0,5,5,,"She didn't say anything, but I could tell she was upset.",彼女は何も言わなかったが、怒っているのが分かった。
daily-03,Japanese,ja,daily,Whisper + GPT-4o-mini,2.5,2,3,,"She didn't say anything, but I could tell she was upset.",彼女は何も言わなかったが、彼女が upset であることはわかった。
daily-03,Japanese,ja,daily,Azure Speech Translation,5.0,5,5,,"She didn't say anything, but I could tell she was upset.",彼女は何も言わなかったが、動揺しているのがわかった。
daily-03,Japanese,ja,daily,Google Cloud Translation v3,5.0,5,5,,"She didn't say anything, but I could tell she was upset.",彼女は何も言わなかったが、動揺しているのは分かった。
daily-03,German,de,daily,LiveLingo,5.0,5,5,,"She didn't say anything, but I could tell she was upset.","Sie sagte nichts, aber ich konnte merken, dass sie verärgert war."
daily-03,German,de,daily,Whisper + GPT-4o-mini,5.0,5,5,,"She didn't say anything, but I could tell she was upset.","Sie sagte nichts, aber ich konnte erkennen, dass sie verärgert war."
daily-03,German,de,daily,Azure Speech Translation,5.0,5,5,,"She didn't say anything, but I could tell she was upset.","Sie sagte nichts, aber ich merkte, dass sie aufgebracht war."
daily-03,German,de,daily,Google Cloud Translation v3,5.0,5,5,,"She didn't say anything, but I could tell she was upset.","Sie sagte nichts, aber ich merkte, dass sie verärgert war."
daily-04,Simplified Chinese,zh-CN,daily,LiveLingo,5.0,5,5,,"It's a piece of cake, just follow the instructions on the box.",这很容易，只要按照盒子上的说明操作。
daily-04,Simplified Chinese,zh-CN,daily,Whisper + GPT-4o-mini,5.0,5,5,,"It's a piece of cake, just follow the instructions on the box.",这很简单，只需按照盒子上的说明操作。
daily-04,Simplified Chinese,zh-CN,daily,Azure Speech Translation,3.5,4,3,,"It's a piece of cake, just follow the instructions on the box.",这很简单，只要按照盒子上的说明*作。
daily-04,Simplified Chinese,zh-CN,daily,Google Cloud Translation v3,5.0,5,5,,"It's a piece of cake, just follow the instructions on the box.",这很简单，只要按照盒子上的说明操作就行了。
daily-04,Japanese,ja,daily,LiveLingo,5.0,5,5,,"It's a piece of cake, just follow the instructions on the box.",簡単です。箱に書かれた指示に従うだけです。
daily-04,Japanese,ja,daily,Whisper + GPT-4o-mini,5.0,5,5,,"It's a piece of cake, just follow the instructions on the box.",それは簡単です、箱の指示に従ってください。
daily-04,Japanese,ja,daily,Azure Speech Translation,5.0,5,5,,"It's a piece of cake, just follow the instructions on the box.",簡単ですから、箱の説明通りにすればいいです。
daily-04,Japanese,ja,daily,Google Cloud Translation v3,5.0,5,5,,"It's a piece of cake, just follow the instructions on the box.",箱に書いてある説明書に従えば簡単だよ
daily-04,German,de,daily,LiveLingo,5.0,5,5,,"It's a piece of cake, just follow the instructions on the box.","Es ist ein Kinderspiel, folge einfach den Anweisungen auf der Schachtel."
daily-04,German,de,daily,Whisper + GPT-4o-mini,5.0,5,5,,"It's a piece of cake, just follow the instructions on the box.","Es ist ein Kinderspiel, folge einfach den Anweisungen auf der Verpackung."
daily-04,German,de,daily,Azure Speech Translation,5.0,5,5,,"It's a piece of cake, just follow the instructions on the box.","Es ist ein Kinderspiel, befolge einfach die Anweisungen auf der Packung."
daily-04,German,de,daily,Google Cloud Translation v3,5.0,5,5,,"It's a piece of cake, just follow the instructions on the box.","Das ist kinderleicht, folgen Sie einfach den Anweisungen auf der Packung."
daily-05,Simplified Chinese,zh-CN,daily,LiveLingo,5.0,5,5,,"Don't get me wrong, I like the idea. I just think we need to think it through more.",别误会，我喜欢这个想法。我只是觉得我们需要再仔细考虑一下。
daily-05,Simplified Chinese,zh-CN,daily,Whisper + GPT-4o-mini,5.0,5,5,,"Don't get me wrong, I like the idea. I just think we need to think it through more.",别误会，我喜欢这个想法，只是我觉得我们需要更深入地考虑一下。
daily-05,Simplified Chinese,zh-CN,daily,Azure Speech Translation,5.0,5,5,,"Don't get me wrong, I like the idea. I just think we need to think it through more.",别误会，我喜欢这个想法，只是觉得我们还需要多想想。
daily-05,Simplified Chinese,zh-CN,daily,Google Cloud Translation v3,5.0,5,5,,"Don't get me wrong, I like the idea. I just think we need to think it through more.",别误会，我喜欢这个想法，只是觉得我们需要再仔细考虑一下。
daily-05,Japanese,ja,daily,LiveLingo,5.0,5,5,,"Don't get me wrong, I like the idea. I just think we need to think it through more.",誤解しないでください、私はそのアイデアが好きです。ただ、もっとよく考える必要があると思います。
daily-05,Japanese,ja,daily,Whisper + GPT-4o-mini,5.0,5,5,,"Don't get me wrong, I like the idea. I just think we need to think it through more.",誤解しないでほしいのですが、私はそのアイデアが好きです。ただ、もう少し考える必要があると思います。
daily-05,Japanese,ja,daily,Azure Speech Translation,5.0,5,5,,"Don't get me wrong, I like the idea. I just think we need to think it through more.",誤解しないでください、そのアイデアは好きですが、もっとよく考える必要があります。
daily-05,Japanese,ja,daily,Google Cloud Translation v3,5.0,5,5,,"Don't get me wrong, I like the idea. I just think we need to think it through more.",誤解しないでほしいのですが、そのアイデア自体は気に入っています。ただ、もっとじっくり考える必要があると思うのです。
daily-05,German,de,daily,LiveLingo,5.0,5,5,,"Don't get me wrong, I like the idea. I just think we need to think it through more.","Versteh mich nicht falsch, ich mag die Idee. Ich denke nur, wir sollten sie noch genauer durchdenken."
daily-05,German,de,daily,Whisper + GPT-4o-mini,5.0,5,5,,"Don't get me wrong, I like the idea. I just think we need to think it through more.","Versteh mich nicht falsch, ich mag die Idee, ich denke nur, dass wir sie noch gründlicher durchdenken müssen."
daily-05,German,de,daily,Azure Speech Translation,5.0,5,5,,"Don't get me wrong, I like the idea. I just think we need to think it through more.","Nicht falsch verstehen, ich mag die Idee, ich denke nur, wir sollten es noch gründlicher durchdenken."
daily-05,German,de,daily,Google Cloud Translation v3,5.0,5,5,,"Don't get me wrong, I like the idea. I just think we need to think it through more.","Versteh mich nicht falsch, die Idee gefällt mir, ich denke nur, wir müssen sie noch einmal genauer durchdenken."
daily-06,Simplified Chinese,zh-CN,daily,LiveLingo,5.0,5,5,,"Honestly, I've been feeling pretty burned out lately. I think I need a break.",说实话，我最近感到相当疲惫。我觉得需要休息一下。
daily-06,Simplified Chinese,zh-CN,daily,Whisper + GPT-4o-mini,3.5,4,3,,"Honestly, I've been feeling pretty burned out lately. I think I need a break.",老实说，我最近感到有些疲惫。我想我需要休息一下。 你
daily-06,Simplified Chinese,zh-CN,daily,Azure Speech Translation,5.0,5,5,,"Honestly, I've been feeling pretty burned out lately. I think I need a break.",说实话，我最近感觉挺疲惫的。我觉得我需要休息一下。
daily-06,Simplified Chinese,zh-CN,daily,Google Cloud Translation v3,5.0,5,5,,"Honestly, I've been feeling pretty burned out lately. I think I need a break.",说实话，我最近感觉筋疲力尽。 我觉得我需要休息一下。
daily-06,Japanese,ja,daily,LiveLingo,5.0,5,5,,"Honestly, I've been feeling pretty burned out lately. I think I need a break.",正直に言うと、最近かなり燃え尽きた感じです。休みが必要だと思います。
daily-06,Japanese,ja,daily,Whisper + GPT-4o-mini,2.5,2,3,,"Honestly, I've been feeling pretty burned out lately. I think I need a break.",正直なところ、最近かなり疲れを感じています。休憩が必要だと思います。 あなた
daily-06,Japanese,ja,daily,Azure Speech Translation,5.0,5,5,,"Honestly, I've been feeling pretty burned out lately. I think I need a break.",正直なところ、最近かなり燃え尽きている気分です。休憩が必要だと思う。
daily-06,Japanese,ja,daily,Google Cloud Translation v3,5.0,5,5,,"Honestly, I've been feeling pretty burned out lately. I think I need a break.",正直、最近かなり燃え尽き症候群気味です。 休憩が必要だと思う
daily-06,German,de,daily,LiveLingo,5.0,5,5,,"Honestly, I've been feeling pretty burned out lately. I think I need a break.","Ehrlich gesagt fühle ich mich in letzter Zeit ziemlich ausgebrannt. Ich denke, ich brauche eine Pause."
daily-06,German,de,daily,Whisper + GPT-4o-mini,3.5,4,3,,"Honestly, I've been feeling pretty burned out lately. I think I need a break.","Ehrlich gesagt fühle ich mich in letzter Zeit ziemlich ausgebrannt. Ich denke, ich brauche eine Pause. Du"
daily-06,German,de,daily,Azure Speech Translation,5.0,5,5,,"Honestly, I've been feeling pretty burned out lately. I think I need a break.","Ehrlich gesagt fühle ich mich in letzter Zeit ziemlich ausgebrannt. Ich glaube, ich brauche eine Pause."
daily-06,German,de,daily,Google Cloud Translation v3,5.0,5,5,,"Honestly, I've been feeling pretty burned out lately. I think I need a break.","Ehrlich gesagt fühle ich mich in letzter Zeit ziemlich ausgebrannt. Ich glaube, ich brauche eine Pause."
rest-01,Spanish,es,restaurant,LiveLingo,4.5,5,4,,"Could I get the steak medium rare, with a side salad instead of fries?",¿Podría pedir el bistec a punto medio con una ensalada en lugar de papas fritas?
rest-01,Spanish,es,restaurant,Whisper + GPT-4o-mini,5.0,5,5,,"Could I get the steak medium rare, with a side salad instead of fries?",¿Podría pedir el filete término medio rojo con una ensalada de acompañamiento en lugar de papas fritas?
rest-01,Spanish,es,restaurant,Azure Speech Translation,4.5,5,4,,"Could I get the steak medium rare, with a side salad instead of fries?",¿Podría pedir el filete al punto medio con una ensalada en vez de patatas fritas?
rest-01,Spanish,es,restaurant,Google Cloud Translation v3,3.5,3,4,,"Could I get the steak medium rare, with a side salad instead of fries?",¿Podría pedir el bistec poco hecho con una ensalada en lugar de papas fritas?
rest-02,Spanish,es,restaurant,LiveLingo,5.0,5,5,,We're celebrating an anniversary. Do you have any wine pairings you'd recommend?,"Estamos celebrando un aniversario, ¿tienes alguna sugerencia de maridaje de vinos?"
rest-02,Spanish,es,restaurant,Whisper + GPT-4o-mini,5.0,5,5,,We're celebrating an anniversary. Do you have any wine pairings you'd recommend?,Estamos celebrando un aniversario. ¿Tienes alguna recomendación de maridajes de vino?
rest-02,Spanish,es,restaurant,Azure Speech Translation,5.0,5,5,,We're celebrating an anniversary. Do you have any wine pairings you'd recommend?,Estamos celebrando un aniversario. ¿Tienes algún maridaje de vino que recomendarías?
rest-02,Spanish,es,restaurant,Google Cloud Translation v3,3.5,4,3,,We're celebrating an anniversary. Do you have any wine pairings you'd recommend?,lo celebramos en un aniversario ¿Tienes alguna recomendación de maridaje de vinos?
rest-03,Spanish,es,restaurant,LiveLingo,5.0,5,5,,I'm allergic to shellfish. Can you check if there's anything in the sauce?,Soy alérgico a los mariscos. ¿Puedes comprobar si hay algo en la salsa?
rest-03,Spanish,es,restaurant,Whisper + GPT-4o-mini,5.0,5,5,,I'm allergic to shellfish. Can you check if there's anything in the sauce?,Soy alérgico a los mariscos. ¿Puedes verificar si hay algo en la salsa?
rest-03,Spanish,es,restaurant,Azure Speech Translation,2.5,2,3,,I'm allergic to shellfish. Can you check if there's anything in the sauce?,Soy alérgico a los mariscos de mariscos. ¿Puedes comprobar si hay algo en la salsa?
rest-03,Spanish,es,restaurant,Google Cloud Translation v3,5.0,5,5,,I'm allergic to shellfish. Can you check if there's anything in the sauce?,"Soy alérgico a los mariscos, ¿puedes comprobar si hay algo en la salsa?"
rest-04,Spanish,es,restaurant,LiveLingo,5.0,5,5,,Can we split the bill three ways? Two of us are paying with cards and one with cash.,¿Podemos dividir la cuenta entre tres? Dos de nosotros pagaremos con tarjetas y uno con efectivo.
rest-04,Spanish,es,restaurant,Whisper + GPT-4o-mini,4.0,4,4,,Can we split the bill three ways? Two of us are paying with cards and one with cash.,¿Podemos dividir la cuenta en tres partes? Dos de nosotros pagamos con tarjeta y uno en efectivo. nosotros.
rest-04,Spanish,es,restaurant,Azure Speech Translation,5.0,5,5,,Can we split the bill three ways? Two of us are paying with cards and one with cash.,¿Podemos dividir la cuenta en tres? Dos de nosotros pagamos con tarjetas y uno en efectivo.
rest-04,Spanish,es,restaurant,Google Cloud Translation v3,5.0,5,5,,Can we split the bill three ways? Two of us are paying with cards and one with cash.,¿Podemos dividir la cuenta entre tres? Dos de nosotros pagaremos con tarjeta y uno en efectivo.
rest-05,Spanish,es,restaurant,LiveLingo,5.0,5,5,,What's in the seasonal special? Is it spicy?,¿Qué lleva el especial de temporada? ¿Es picante?
rest-05,Spanish,es,restaurant,Whisper + GPT-4o-mini,5.0,5,5,,What's in the seasonal special? Is it spicy?,¿Qué hay en la especial de temporada? ¿Es picante?
rest-05,Spanish,es,restaurant,Azure Speech Translation,5.0,5,5,,What's in the seasonal special? Is it spicy?,¿Qué hay en el especial de temporada? ¿Es picante?
rest-05,Spanish,es,restaurant,Google Cloud Translation v3,5.0,5,5,,What's in the seasonal special? Is it spicy?,¿Qué lleva el plato especial de temporada? ¿Es picante?
rest-06,Spanish,es,restaurant,LiveLingo,5.0,5,5,,Could we get the check whenever you have a moment?,¿Podríamos pedir la cuenta cuando tenga un momento?
rest-06,Spanish,es,restaurant,Whisper + GPT-4o-mini,5.0,5,5,,Could we get the check whenever you have a moment?,¿Podríamos recibir la cuenta cuando tengas un momento?
rest-06,Spanish,es,restaurant,Azure Speech Translation,4.0,3,5,,Could we get the check whenever you have a moment?,¿Podríamos cobrar la cuenta cuando tengas un momento?
rest-06,Spanish,es,restaurant,Google Cloud Translation v3,2.5,2,3,,Could we get the check whenever you have a moment?,¿Podríamos traerte el cheque cuando tengas un momento?
hotel-01,Spanish,es,hotel,LiveLingo,5.0,5,5,,I'd like to extend my stay by two nights. Is that possible?,Me gustaría extender mi estancia 2 noches más. ¿Es posible?
hotel-01,Spanish,es,hotel,Whisper + GPT-4o-mini,5.0,5,5,,I'd like to extend my stay by two nights. Is that possible?,Me gustaría extender mi estancia por dos noches. ¿Es eso posible?
hotel-01,Spanish,es,hotel,Azure Speech Translation,5.0,5,5,,I'd like to extend my stay by two nights. Is that possible?,Quisiera alargar mi estancia dos noches. ¿Es eso posible?
hotel-01,Spanish,es,hotel,Google Cloud Translation v3,5.0,5,5,,I'd like to extend my stay by two nights. Is that possible?,Me gustaría prolongar mi estancia dos noches. ¿Es eso posible?
hotel-02,Spanish,es,hotel,LiveLingo,5.0,5,5,,The room is too cold and the wifi isn't working. Could someone come up?,La habitación está demasiado fría y el Wi‑Fi no funciona. ¿Podría alguien subir?
hotel-02,Spanish,es,hotel,Whisper + GPT-4o-mini,4.0,4,4,,The room is too cold and the wifi isn't working. Could someone come up?,La habitación está demasiado fría y el Wi-Fi no está funcionando. ¿Podría alguien subir? arriba.
hotel-02,Spanish,es,hotel,Azure Speech Translation,5.0,5,5,,The room is too cold and the wifi isn't working. Could someone come up?,La habitación está demasiado fría y el Wi-Fi no funciona. ¿Podría subir alguien?
hotel-02,Spanish,es,hotel,Google Cloud Translation v3,5.0,5,5,,The room is too cold and the wifi isn't working. Could someone come up?,La habitación está demasiado fría y el wifi no funciona. ¿Podría venir alguien?
hotel-03,Spanish,es,hotel,LiveLingo,5.0,5,5,,Can we get an early check-in tomorrow? Our flight lands at nine in the morning.,¿Podemos hacer el check‑in temprano mañana? Nuestro vuelo aterriza a las 9 de la mañana.
hotel-03,Spanish,es,hotel,Whisper + GPT-4o-mini,5.0,5,5,,Can we get an early check-in tomorrow? Our flight lands at nine in the morning.,¿Podemos hacer un check-in anticipado mañana? Nuestro vuelo llega a las 9 de la mañana.
hotel-03,Spanish,es,hotel,Azure Speech Translation,5.0,5,5,,Can we get an early check-in tomorrow? Our flight lands at nine in the morning.,¿Podemos hacer un check-in temprano mañana? Nuestro vuelo aterriza a las 9:00 de la mañana.
hotel-03,Spanish,es,hotel,Google Cloud Translation v3,3.0,2,4,,Can we get an early check-in tomorrow? Our flight lands at nine in the morning.,¿Podemos facturar antes mañana? Nuestro vuelo aterriza a las 9 de la mañana.
hotel-04,Spanish,es,hotel,LiveLingo,5.0,5,5,,Where's the closest pharmacy that's open late? My daughter has a fever.,¿Dónde está la farmacia más cercana que abre hasta tarde? Mi hija tiene fiebre.
hotel-04,Spanish,es,hotel,Whisper + GPT-4o-mini,5.0,5,5,,Where's the closest pharmacy that's open late? My daughter has a fever.,¿Dónde está la farmacia más cercana que esté abierta hasta tarde? Mi hija tiene fiebre.
hotel-04,Spanish,es,hotel,Azure Speech Translation,5.0,5,5,,Where's the closest pharmacy that's open late? My daughter has a fever.,¿Dónde está la farmacia más cercana que abre hasta tarde? Mi hija tiene fiebre.
hotel-04,Spanish,es,hotel,Google Cloud Translation v3,5.0,5,5,,Where's the closest pharmacy that's open late? My daughter has a fever.,¿Dónde está la farmacia más cercana que esté abierta hasta tarde? Mi hija tiene fiebre
hotel-05,Spanish,es,hotel,LiveLingo,5.0,5,5,,Could you arrange a taxi to the airport for six in the morning tomorrow?,¿Podrías organizar un taxi al aeropuerto para las 6 de la mañana mañana?
hotel-05,Spanish,es,hotel,Whisper + GPT-4o-mini,5.0,5,5,,Could you arrange a taxi to the airport for six in the morning tomorrow?,¿Podrías arreglar un taxi al aeropuerto para las 6 de la mañana mañana?
hotel-05,Spanish,es,hotel,Azure Speech Translation,5.0,5,5,,Could you arrange a taxi to the airport for six in the morning tomorrow?,¿Podrías organizar un taxi al aeropuerto para las 6:00 de la mañana de mañana?
hotel-05,Spanish,es,hotel,Google Cloud Translation v3,5.0,5,5,,Could you arrange a taxi to the airport for six in the morning tomorrow?,¿Podrías reservar un taxi al aeropuerto para mañana a las seis de la mañana?
hotel-06,Spanish,es,hotel,LiveLingo,5.0,5,5,,"Is breakfast included in the room rate, or is it an extra charge?",¿El desayuno está incluido en la tarifa de la habitación o es un cargo extra?
hotel-06,Spanish,es,hotel,Whisper + GPT-4o-mini,5.0,5,5,,"Is breakfast included in the room rate, or is it an extra charge?",¿El desayuno está incluido en la tarifa de la habitación o es un cargo adicional?
hotel-06,Spanish,es,hotel,Azure Speech Translation,5.0,5,5,,"Is breakfast included in the room rate, or is it an extra charge?",¿El desayuno está incluido en la tarifa de la habitación o es un coste adicional?
hotel-06,Spanish,es,hotel,Google Cloud Translation v3,5.0,5,5,,"Is breakfast included in the room rate, or is it an extra charge?",¿El desayuno está incluido en el precio de la habitación o tiene un coste adicional?
fam-01,Spanish,es,family,LiveLingo,5.0,5,5,,"I know you're tired, but we need to talk about what happened at dinner.","Sé que estás cansado, pero necesitamos hablar de lo que pasó en la cena."
fam-01,Spanish,es,family,Whisper + GPT-4o-mini,5.0,5,5,,"I know you're tired, but we need to talk about what happened at dinner.","Sé que estás cansado, pero necesitamos hablar sobre lo que pasó en la cena."
fam-01,Spanish,es,family,Azure Speech Translation,5.0,5,5,,"I know you're tired, but we need to talk about what happened at dinner.","Sé que estás cansado, pero tenemos que hablar de lo que pasó en la cena."
fam-01,Spanish,es,family,Google Cloud Translation v3,5.0,5,5,,"I know you're tired, but we need to talk about what happened at dinner.","Sé que estás cansado, pero necesitamos hablar de lo que pasó en la cena."
fam-02,Spanish,es,family,LiveLingo,5.0,5,5,,Mom called this morning. She wants us to visit next weekend if we can.,Mamá llamó esta mañana. Quiere que la visitemos el próximo fin de semana si podemos.
fam-02,Spanish,es,family,Whisper + GPT-4o-mini,5.0,5,5,,Mom called this morning. She wants us to visit next weekend if we can.,Mamá llamó esta mañana. Quiere que la visitemos el próximo fin de semana si podemos.
fam-02,Spanish,es,family,Azure Speech Translation,5.0,5,5,,Mom called this morning. She wants us to visit next weekend if we can.,Mamá llamó esta mañana. Quiere que vayamos a visitarla el próximo fin de semana si podemos.
fam-02,Spanish,es,family,Google Cloud Translation v3,5.0,5,5,,Mom called this morning. She wants us to visit next weekend if we can.,Mamá llamó esta mañana Quiere que la visitemos el próximo fin de semana si podemos.
fam-03,Spanish,es,family,LiveLingo,5.0,5,5,,I'm sorry I was harsh earlier. I was stressed about work and took it out on you.,"Lo siento, fui duro antes. Estaba estresado por el trabajo y lo descargué en ti."
fam-03,Spanish,es,family,Whisper + GPT-4o-mini,5.0,5,5,,I'm sorry I was harsh earlier. I was stressed about work and took it out on you.,"Lo siento, fui duro antes, estaba estresado por el trabajo y lo descargué contigo."
fam-03,Spanish,es,family,Azure Speech Translation,5.0,5,5,,I'm sorry I was harsh earlier. I was stressed about work and took it out on you.,Siento haber sido duro antes. Estaba estresado por el trabajo y lo descargué contigo.
fam-03,Spanish,es,family,Google Cloud Translation v3,5.0,5,5,,I'm sorry I was harsh earlier. I was stressed about work and took it out on you.,"Siento haber sido tan dura antes, estaba estresada por el trabajo y me desquité contigo."
fam-04,Spanish,es,family,LiveLingo,5.0,5,5,,The kids really miss their grandparents. Maybe we should plan a visit soon.,Los niños extrañan mucho a sus abuelos. Tal vez deberíamos planear una visita pronto.
fam-04,Spanish,es,family,Whisper + GPT-4o-mini,5.0,5,5,,The kids really miss their grandparents. Maybe we should plan a visit soon.,Los niños realmente extrañan a sus abuelos. Quizás deberíamos planear una visita pronto.
fam-04,Spanish,es,family,Azure Speech Translation,5.0,5,5,,The kids really miss their grandparents. Maybe we should plan a visit soon.,Los niños echan mucho de menos a sus abuelos. Quizá deberíamos planear una visita pronto.
fam-04,Spanish,es,family,Google Cloud Translation v3,5.0,5,5,,The kids really miss their grandparents. Maybe we should plan a visit soon.,Los niños extrañan mucho a sus abuelos. Quizás deberíamos planear una visita pronto.
fam-05,Spanish,es,family,LiveLingo,5.0,5,5,,I don't know how to tell my parents about this. They're going to be really upset.,No sé cómo decirles esto a mis padres. Van a estar muy molestos.
fam-05,Spanish,es,family,Whisper + GPT-4o-mini,5.0,5,5,,I don't know how to tell my parents about this. They're going to be really upset.,No sé cómo contarles a mis padres sobre esto. Se van a poner muy molestos.
fam-05,Spanish,es,family,Azure Speech Translation,5.0,5,5,,I don't know how to tell my parents about this. They're going to be really upset.,No sé cómo contarles esto a mis padres. Se van a enfadar mucho.
fam-05,Spanish,es,family,Google Cloud Translation v3,5.0,5,5,,I don't know how to tell my parents about this. They're going to be really upset.,"No sé cómo contarles esto a mis padres, se van a enfadar mucho."
fam-06,Spanish,es,family,LiveLingo,4.0,5,3,,Can we talk about this after the kids go to bed? I don't want them to overhear.,¿Podemos hablar de esto después de que los niños se acuesten? No quiero que los escuchen.
fam-06,Spanish,es,family,Whisper + GPT-4o-mini,5.0,5,5,,Can we talk about this after the kids go to bed? I don't want them to overhear.,¿Podemos hablar de esto después de que los niños se vayan a la cama? No quiero que escuchen.
fam-06,Spanish,es,family,Azure Speech Translation,5.0,5,5,,Can we talk about this after the kids go to bed? I don't want them to overhear.,¿Podemos hablar de esto después de que los niños se vayan a la cama? No quiero que me oigan.
fam-06,Spanish,es,family,Google Cloud Translation v3,5.0,5,5,,Can we talk about this after the kids go to bed? I don't want them to overhear.,¿Podemos hablar de esto después de que los niños se vayan a la cama? No quiero que lo oigan.
biz-01,Spanish,es,business,LiveLingo,5.0,5,5,,Can we push the kickoff meeting to Tuesday? Sarah's flying in late on Monday.,¿Podemos posponer la reunión de inicio para el martes? Sarah llega en avión tarde el lunes.
biz-01,Spanish,es,business,Whisper + GPT-4o-mini,3.5,3,4,,Can we push the kickoff meeting to Tuesday? Sarah's flying in late on Monday.,¿Podemos mover la reunión de inicio al martes? Sarah llega tarde el lunes. Lunes.
biz-01,Spanish,es,business,Azure Speech Translation,4.5,5,4,,Can we push the kickoff meeting to Tuesday? Sarah's flying in late on Monday.,¿Podemos posponer la reunión de inicio hasta el martes? Sarah llega tarde el lunes.
biz-01,Spanish,es,business,Google Cloud Translation v3,5.0,5,5,,Can we push the kickoff meeting to Tuesday? Sarah's flying in late on Monday.,¿Podemos posponer la reunión inicial para el martes? Sarah llega en avión el lunes por la noche.
biz-02,Spanish,es,business,LiveLingo,5.0,5,5,,"Our quarterly numbers came in below consensus, mostly due to supply chain delays.","Nuestros números trimestrales quedaron por debajo del consenso, mayormente debido a retrasos en la cadena de suministro."
biz-02,Spanish,es,business,Whisper + GPT-4o-mini,2.5,2,3,,"Our quarterly numbers came in below consensus, mostly due to supply chain delays.","Nuestros números trimestrales estuvieron por debajo del consenso, principalmente debido a retrasos en la cadena de suministro. maneras. tú"
biz-02,Spanish,es,business,Azure Speech Translation,5.0,5,5,,"Our quarterly numbers came in below consensus, mostly due to supply chain delays.","Nuestros datos trimestrales quedaron por debajo del consenso, principalmente debido a retrasos en la cadena de suministro."
biz-02,Spanish,es,business,Google Cloud Translation v3,5.0,5,5,,"Our quarterly numbers came in below consensus, mostly due to supply chain delays.","Nuestras cifras trimestrales estuvieron por debajo de las previsiones, principalmente debido a retrasos en la cadena de suministro."
biz-03,Spanish,es,business,LiveLingo,5.0,5,5,,"I'll send the updated proposal by end of week, but we need your input on the timeline.","Enviaré la propuesta actualizada a finales de la semana, pero necesitamos tu opinión sobre el cronograma."
biz-03,Spanish,es,business,Whisper + GPT-4o-mini,5.0,5,5,,"I'll send the updated proposal by end of week, but we need your input on the timeline.","Enviaré la propuesta actualizada a finales de la semana, pero necesitamos tu opinión sobre el cronograma."
biz-03,Spanish,es,business,Azure Speech Translation,5.0,5,5,,"I'll send the updated proposal by end of week, but we need your input on the timeline.","Enviaré la propuesta actualizada antes de que acabe la semana, pero necesitamos tu opinión sobre el calendario."
biz-03,Spanish,es,business,Google Cloud Translation v3,5.0,5,5,,"I'll send the updated proposal by end of week, but we need your input on the timeline.","Enviaré la propuesta actualizada a finales de semana, pero necesitamos su opinión sobre el cronograma."
biz-04,Spanish,es,business,LiveLingo,5.0,5,5,,Let's loop in Marcus on this. He has more context on the client's expectations.,Incluyamos a Marcus en esto. Él tiene más contexto sobre las expectativas del cliente.
biz-04,Spanish,es,business,Whisper + GPT-4o-mini,5.0,5,5,,Let's loop in Marcus on this. He has more context on the client's expectations.,Involucremos a Marcus en esto. Él tiene más contexto sobre las expectativas del cliente.
biz-04,Spanish,es,business,Azure Speech Translation,2.0,2,2,,Let's loop in Marcus on this. He has more context on the client's expectations.,Vamos a incluir marcadores en esto. Tiene más contexto sobre las expectativas de los clientes.
biz-04,Spanish,es,business,Google Cloud Translation v3,5.0,5,5,,Let's loop in Marcus on this. He has more context on the client's expectations.,Vamos a incluir a Marcus en esto. Él tiene más información sobre las expectativas del cliente.
biz-05,Spanish,es,business,LiveLingo,5.0,5,5,,The board wants a status update before Friday. Can you put together a one-pager?,La junta quiere una actualización de estado antes del viernes. ¿Puedes preparar un documento de una página?
biz-05,Spanish,es,business,Azure Speech Translation,2.0,2,2,,The board wants a status update before Friday. Can you put together a one-pager?,La junta quiere una actualización del estado antes del viernes. ¿Puedes preparar un buscapersonas A1?
biz-05,Spanish,es,business,Google Cloud Translation v3,4.0,3,5,,The board wants a status update before Friday. Can you put together a one-pager?,La junta directiva recibirá una actualización de estado antes del viernes. ¿Puedes elaborar un resumen de una página?
biz-06,Spanish,es,business,LiveLingo,5.0,5,5,,We're hiring two more engineers for the platform team this quarter.,Estamos contratando a dos ingenieros más para el equipo de plataforma este trimestre.
biz-06,Spanish,es,business,Whisper + GPT-4o-mini,5.0,5,5,,We're hiring two more engineers for the platform team this quarter.,Estamos contratando a dos ingenieros más para el equipo de plataforma este trimestre.
biz-06,Spanish,es,business,Azure Speech Translation,5.0,5,5,,We're hiring two more engineers for the platform team this quarter.,Este trimestre contratamos a dos ingenieros más para el equipo de plataforma.
biz-06,Spanish,es,business,Google Cloud Translation v3,5.0,5,5,,We're hiring two more engineers for the platform team this quarter.,Este trimestre contrataremos a dos ingenieros más para el equipo de plataforma.
daily-01,Spanish,es,daily,LiveLingo,5.0,5,5,,"I'm not really hungry, but I'll grab something small if you're ordering.","No tengo mucha hambre, pero tomaré algo pequeño si tú vas a pedir."
daily-01,Spanish,es,daily,Whisper + GPT-4o-mini,5.0,5,5,,"I'm not really hungry, but I'll grab something small if you're ordering.","No tengo mucha hambre, pero tomaré algo pequeño si estás pidiendo."
daily-01,Spanish,es,daily,Azure Speech Translation,5.0,5,5,,"I'm not really hungry, but I'll grab something small if you're ordering.","No tengo mucha hambre, pero cogeré algo pequeño si vas a pedir."
daily-01,Spanish,es,daily,Google Cloud Translation v3,5.0,5,5,,"I'm not really hungry, but I'll grab something small if you're ordering.","No tengo mucha hambre, pero tomaré algo pequeño si pides algo."
daily-02,Spanish,es,daily,LiveLingo,5.0,5,5,,It's been one of those weeks. I just want to crash on the couch tonight.,Ha sido una de esas semanas en las que solo quiero tirarme en el sofá esta noche.
daily-02,Spanish,es,daily,Whisper + GPT-4o-mini,5.0,5,5,,It's been one of those weeks. I just want to crash on the couch tonight.,"Ha sido una de esas semanas, solo quiero desplomarme en el sofá esta noche."
daily-02,Spanish,es,daily,Azure Speech Translation,5.0,5,5,,It's been one of those weeks. I just want to crash on the couch tonight.,Ha sido una de esas semanas. Solo quiero tumbarme en el sofá esta noche.
daily-02,Spanish,es,daily,Google Cloud Translation v3,5.0,5,5,,It's been one of those weeks. I just want to crash on the couch tonight.,Ha sido una de esas semanas en las que solo quiero tirarme en el sofá esta noche.
daily-03,Spanish,es,daily,LiveLingo,5.0,5,5,,"She didn't say anything, but I could tell she was upset.","No dijo nada, pero pude notar que estaba molesta."
daily-03,Spanish,es,daily,Whisper + GPT-4o-mini,5.0,5,5,,"She didn't say anything, but I could tell she was upset.","Ella no dijo nada, pero pude notar que estaba molesta."
daily-03,Spanish,es,daily,Azure Speech Translation,5.0,5,5,,"She didn't say anything, but I could tell she was upset.","No dijo nada, pero se notaba que estaba molesta."
daily-03,Spanish,es,daily,Google Cloud Translation v3,5.0,5,5,,"She didn't say anything, but I could tell she was upset.","No dijo nada, pero pude notar que estaba molesta."
daily-04,Spanish,es,daily,LiveLingo,5.0,5,5,,"It's a piece of cake, just follow the instructions on the box.","Es pan comido, solo sigue las instrucciones del paquete."
daily-04,Spanish,es,daily,Whisper + GPT-4o-mini,5.0,5,5,,"It's a piece of cake, just follow the instructions on the box.","Es pan comido, solo sigue las instrucciones en la caja."
daily-04,Spanish,es,daily,Azure Speech Translation,5.0,5,5,,"It's a piece of cake, just follow the instructions on the box.","Es pan comido, solo tienes que seguir las instrucciones de la caja."
daily-04,Spanish,es,daily,Google Cloud Translation v3,5.0,5,5,,"It's a piece of cake, just follow the instructions on the box.","Es pan comido, solo sigue las instrucciones de la caja."
daily-05,Spanish,es,daily,LiveLingo,5.0,5,5,,"Don't get me wrong, I like the idea. I just think we need to think it through more.","No me malinterpretes, me gusta la idea. Solo creo que debemos reflexionar más al respecto."
daily-05,Spanish,es,daily,Whisper + GPT-4o-mini,5.0,5,5,,"Don't get me wrong, I like the idea. I just think we need to think it through more.","No me malinterpretes, me gusta la idea, solo creo que necesitamos pensarlo más."
daily-05,Spanish,es,daily,Azure Speech Translation,5.0,5,5,,"Don't get me wrong, I like the idea. I just think we need to think it through more.","No me malinterpretes, me gusta la idea, solo creo que tenemos que pensarlo mejor."
daily-05,Spanish,es,daily,Google Cloud Translation v3,5.0,5,5,,"Don't get me wrong, I like the idea. I just think we need to think it through more.","No me malinterpretes, me gusta la idea, solo que creo que necesitamos analizarla más a fondo."
daily-06,Spanish,es,daily,LiveLingo,5.0,5,5,,"Honestly, I've been feeling pretty burned out lately. I think I need a break.","Honestamente, me he sentido bastante agotado últimamente. Creo que necesito un descanso."
daily-06,Spanish,es,daily,Whisper + GPT-4o-mini,4.5,4,5,,"Honestly, I've been feeling pretty burned out lately. I think I need a break.","Honestamente, me he estado sintiendo bastante agotado últimamente. Creo que necesito un descanso. Tú"
daily-06,Spanish,es,daily,Azure Speech Translation,5.0,5,5,,"Honestly, I've been feeling pretty burned out lately. I think I need a break.","Sinceramente, últimamente me he estado sintiendo bastante quemado. Creo que necesito un descanso."
daily-06,Spanish,es,daily,Google Cloud Translation v3,5.0,5,5,,"Honestly, I've been feeling pretty burned out lately. I think I need a break.","Sinceramente, últimamente me he sentido bastante agotado. Creo que necesito un descanso."
